mean_fit_time,std_fit_time,mean_score_time,std_score_time,param_class_weight,param_criterion,param_max_depth,param_min_samples_leaf,param_min_samples_split,param_random_state,params,split0_test_score,split1_test_score,split2_test_score,split3_test_score,split4_test_score,mean_test_score,std_test_score,rank_test_score,split0_train_score,split1_train_score,split2_train_score,split3_train_score,split4_train_score,mean_train_score,std_train_score
0.003121185302734375,0.0003827475484440222,0.0017107486724853515,0.0005063214841195981,balanced,gini,2,1,2,42,"{'class_weight': 'balanced', 'criterion': 'gini', 'max_depth': 2, 'min_samples_leaf': 1, 'min_samples_split': 2, 'random_state': 42}",0.6,0.6666666666666666,0.4666666666666667,0.5,0.7333333333333334,0.5933333333333334,0.09977753031397177,8,0.7,0.823076923076923,0.8211538461538461,0.7,0.7615384615384615,0.7611538461538462,0.05461538461538462
0.006021833419799805,0.005545111219915748,0.002250528335571289,0.0005024533530089669,balanced,gini,2,1,5,42,"{'class_weight': 'balanced', 'criterion': 'gini', 'max_depth': 2, 'min_samples_leaf': 1, 'min_samples_split': 5, 'random_state': 42}",0.6,0.6666666666666666,0.4666666666666667,0.5,0.7333333333333334,0.5933333333333334,0.09977753031397177,8,0.7,0.823076923076923,0.8211538461538461,0.7,0.7615384615384615,0.7611538461538462,0.05461538461538462
0.0036150455474853516,0.0018170317520810417,0.0037277698516845702,0.004687072932765199,balanced,gini,2,1,10,42,"{'class_weight': 'balanced', 'criterion': 'gini', 'max_depth': 2, 'min_samples_leaf': 1, 'min_samples_split': 10, 'random_state': 42}",0.6,0.6666666666666666,0.4666666666666667,0.5,0.7333333333333334,0.5933333333333334,0.09977753031397177,8,0.7,0.823076923076923,0.8211538461538461,0.7,0.7615384615384615,0.7611538461538462,0.05461538461538462
0.0033045291900634767,0.002150831362901659,0.001907205581665039,0.001812770449512877,balanced,gini,2,2,2,42,"{'class_weight': 'balanced', 'criterion': 'gini', 'max_depth': 2, 'min_samples_leaf': 2, 'min_samples_split': 2, 'random_state': 42}",0.6,0.6666666666666666,0.4666666666666667,0.5,0.7333333333333334,0.5933333333333334,0.09977753031397177,8,0.7,0.823076923076923,0.8211538461538461,0.7,0.7615384615384615,0.7611538461538462,0.05461538461538462
0.001812887191772461,0.00024078196256316676,0.001609468460083008,0.0008082582617741981,balanced,gini,2,2,5,42,"{'class_weight': 'balanced', 'criterion': 'gini', 'max_depth': 2, 'min_samples_leaf': 2, 'min_samples_split': 5, 'random_state': 42}",0.6,0.6666666666666666,0.4666666666666667,0.5,0.7333333333333334,0.5933333333333334,0.09977753031397177,8,0.7,0.823076923076923,0.8211538461538461,0.7,0.7615384615384615,0.7611538461538462,0.05461538461538462
0.001303720474243164,0.0004041226114023238,0.0016167640686035156,0.0005922209889206634,balanced,gini,2,2,10,42,"{'class_weight': 'balanced', 'criterion': 'gini', 'max_depth': 2, 'min_samples_leaf': 2, 'min_samples_split': 10, 'random_state': 42}",0.6,0.6666666666666666,0.4666666666666667,0.5,0.7333333333333334,0.5933333333333334,0.09977753031397177,8,0.7,0.823076923076923,0.8211538461538461,0.7,0.7615384615384615,0.7611538461538462,0.05461538461538462
0.0016141414642333984,0.0004944783719288026,0.001214885711669922,0.00039249444079700015,balanced,gini,2,5,2,42,"{'class_weight': 'balanced', 'criterion': 'gini', 'max_depth': 2, 'min_samples_leaf': 5, 'min_samples_split': 2, 'random_state': 42}",0.475,0.5666666666666667,0.3,0.5,0.6333333333333333,0.49499999999999994,0.11200198410940962,97,0.7,0.7211538461538461,0.7692307692307692,0.7,0.7115384615384616,0.7203846153846154,0.025674337335813275
0.002408456802368164,0.0008061577774748651,0.0013996124267578124,0.00048747866578308216,balanced,gini,2,5,5,42,"{'class_weight': 'balanced', 'criterion': 'gini', 'max_depth': 2, 'min_samples_leaf': 5, 'min_samples_split': 5, 'random_state': 42}",0.475,0.5666666666666667,0.3,0.5,0.6333333333333333,0.49499999999999994,0.11200198410940962,97,0.7,0.7211538461538461,0.7692307692307692,0.7,0.7115384615384616,0.7203846153846154,0.025674337335813275
0.0017019748687744141,0.0003986218497902013,0.0012073516845703125,0.0002488332574719166,balanced,gini,2,5,10,42,"{'class_weight': 'balanced', 'criterion': 'gini', 'max_depth': 2, 'min_samples_leaf': 5, 'min_samples_split': 10, 'random_state': 42}",0.475,0.5666666666666667,0.3,0.5,0.6333333333333333,0.49499999999999994,0.11200198410940962,97,0.7,0.7211538461538461,0.7692307692307692,0.7,0.7115384615384616,0.7203846153846154,0.025674337335813275
0.0016082286834716796,0.0005882662853561357,0.0010055065155029296,7.45240189226023e-06,balanced,gini,2,10,2,42,"{'class_weight': 'balanced', 'criterion': 'gini', 'max_depth': 2, 'min_samples_leaf': 10, 'min_samples_split': 2, 'random_state': 42}",0.65,0.5666666666666667,0.4666666666666667,0.6333333333333333,0.6333333333333333,0.5900000000000001,0.06798692684790379,14,0.6666666666666667,0.7211538461538461,0.7461538461538462,0.7076923076923077,0.6865384615384615,0.7056410256410256,0.027459251981711622
0.0015242576599121093,0.0004485091477521447,0.0009849071502685547,0.0006069177467815682,balanced,gini,2,10,5,42,"{'class_weight': 'balanced', 'criterion': 'gini', 'max_depth': 2, 'min_samples_leaf': 10, 'min_samples_split': 5, 'random_state': 42}",0.65,0.5666666666666667,0.4666666666666667,0.6333333333333333,0.6333333333333333,0.5900000000000001,0.06798692684790379,14,0.6666666666666667,0.7211538461538461,0.7461538461538462,0.7076923076923077,0.6865384615384615,0.7056410256410256,0.027459251981711622
0.001383495330810547,0.0005032803622680095,0.0007991790771484375,0.0003995900791410372,balanced,gini,2,10,10,42,"{'class_weight': 'balanced', 'criterion': 'gini', 'max_depth': 2, 'min_samples_leaf': 10, 'min_samples_split': 10, 'random_state': 42}",0.65,0.5666666666666667,0.4666666666666667,0.6333333333333333,0.6333333333333333,0.5900000000000001,0.06798692684790379,14,0.6666666666666667,0.7211538461538461,0.7461538461538462,0.7076923076923077,0.6865384615384615,0.7056410256410256,0.027459251981711622
0.001512289047241211,0.0006422414873686755,0.000702810287475586,0.0006037052653586386,balanced,gini,3,1,2,42,"{'class_weight': 'balanced', 'criterion': 'gini', 'max_depth': 3, 'min_samples_leaf': 1, 'min_samples_split': 2, 'random_state': 42}",0.475,0.6666666666666666,0.26666666666666666,0.4666666666666667,0.7333333333333334,0.5216666666666667,0.16495790708878164,68,0.75,0.8730769230769231,0.85,0.8076923076923077,0.85,0.826153846153846,0.04354145137872278
0.0014894485473632812,0.00041200616250324553,0.0007182121276855469,0.00037081822205170664,balanced,gini,3,1,5,42,"{'class_weight': 'balanced', 'criterion': 'gini', 'max_depth': 3, 'min_samples_leaf': 1, 'min_samples_split': 5, 'random_state': 42}",0.475,0.6666666666666666,0.26666666666666666,0.4666666666666667,0.7333333333333334,0.5216666666666667,0.16495790708878164,68,0.75,0.8480769230769231,0.85,0.8076923076923077,0.85,0.8211538461538461,0.03907207722830859
0.0013027191162109375,0.0003988324255679617,0.0005049705505371094,0.00044689052795708866,balanced,gini,3,1,10,42,"{'class_weight': 'balanced', 'criterion': 'gini', 'max_depth': 3, 'min_samples_leaf': 1, 'min_samples_split': 10, 'random_state': 42}",0.475,0.6666666666666666,0.26666666666666666,0.4666666666666667,0.7333333333333334,0.5216666666666667,0.16495790708878164,68,0.75,0.8480769230769231,0.85,0.8076923076923077,0.8,0.8111538461538462,0.036738319803875534
0.0014000415802001953,0.0004894539461784603,0.0009020328521728516,0.0008015529886071748,balanced,gini,3,2,2,42,"{'class_weight': 'balanced', 'criterion': 'gini', 'max_depth': 3, 'min_samples_leaf': 2, 'min_samples_split': 2, 'random_state': 42}",0.475,0.6666666666666666,0.26666666666666666,0.4666666666666667,0.7333333333333334,0.5216666666666667,0.16495790708878164,68,0.75,0.823076923076923,0.85,0.8076923076923077,0.825,0.8111538461538462,0.03345048446947522
0.0008089542388916016,0.0006874470866602521,0.0015154838562011718,0.0005623833818170866,balanced,gini,3,2,5,42,"{'class_weight': 'balanced', 'criterion': 'gini', 'max_depth': 3, 'min_samples_leaf': 2, 'min_samples_split': 5, 'random_state': 42}",0.475,0.6666666666666666,0.26666666666666666,0.4666666666666667,0.7333333333333334,0.5216666666666667,0.16495790708878164,68,0.75,0.823076923076923,0.85,0.8076923076923077,0.825,0.8111538461538462,0.03345048446947522
0.0010031700134277345,4.277205387418571e-06,0.0005992412567138672,0.0004892797616857797,balanced,gini,3,2,10,42,"{'class_weight': 'balanced', 'criterion': 'gini', 'max_depth': 3, 'min_samples_leaf': 2, 'min_samples_split': 10, 'random_state': 42}",0.475,0.6666666666666666,0.26666666666666666,0.4666666666666667,0.7333333333333334,0.5216666666666667,0.16495790708878164,68,0.75,0.823076923076923,0.85,0.8076923076923077,0.775,0.8011538461538462,0.035242188273708626
0.0010120868682861328,2.4683405371173658e-05,0.0007016181945800782,0.000601905812376187,balanced,gini,3,5,2,42,"{'class_weight': 'balanced', 'criterion': 'gini', 'max_depth': 3, 'min_samples_leaf': 5, 'min_samples_split': 2, 'random_state': 42}",0.675,0.5666666666666667,0.2,0.43333333333333335,0.6333333333333333,0.5016666666666667,0.1716262088247467,84,0.7916666666666667,0.7365384615384616,0.7846153846153847,0.8211538461538461,0.7115384615384616,0.7691025641025642,0.03958072502565953
0.0009999752044677734,0.0006327119244730823,0.00017638206481933593,0.0003527641296386718,balanced,gini,3,5,5,42,"{'class_weight': 'balanced', 'criterion': 'gini', 'max_depth': 3, 'min_samples_leaf': 5, 'min_samples_split': 5, 'random_state': 42}",0.675,0.5666666666666667,0.2,0.43333333333333335,0.6333333333333333,0.5016666666666667,0.1716262088247467,84,0.7916666666666667,0.7365384615384616,0.7846153846153847,0.8211538461538461,0.7115384615384616,0.7691025641025642,0.03958072502565953
0.0014007091522216797,0.0004906625395412251,0.001100635528564453,0.00020261318656499293,balanced,gini,3,5,10,42,"{'class_weight': 'balanced', 'criterion': 'gini', 'max_depth': 3, 'min_samples_leaf': 5, 'min_samples_split': 10, 'random_state': 42}",0.675,0.5666666666666667,0.2,0.43333333333333335,0.6333333333333333,0.5016666666666667,0.1716262088247467,84,0.7916666666666667,0.7365384615384616,0.7846153846153847,0.8211538461538461,0.7115384615384616,0.7691025641025642,0.03958072502565953
0.0008008480072021484,0.0007482702135092978,0.0009016036987304687,0.0001979595420582178,balanced,gini,3,10,2,42,"{'class_weight': 'balanced', 'criterion': 'gini', 'max_depth': 3, 'min_samples_leaf': 10, 'min_samples_split': 2, 'random_state': 42}",0.65,0.5666666666666667,0.4666666666666667,0.6333333333333333,0.6333333333333333,0.5900000000000001,0.06798692684790379,14,0.6666666666666667,0.7211538461538461,0.7461538461538462,0.7076923076923077,0.6865384615384615,0.7056410256410256,0.027459251981711622
0.0008001327514648438,0.0004000664325664057,0.0006000518798828125,0.0004899403160383116,balanced,gini,3,10,5,42,"{'class_weight': 'balanced', 'criterion': 'gini', 'max_depth': 3, 'min_samples_leaf': 10, 'min_samples_split': 5, 'random_state': 42}",0.65,0.5666666666666667,0.4666666666666667,0.6333333333333333,0.6333333333333333,0.5900000000000001,0.06798692684790379,14,0.6666666666666667,0.7211538461538461,0.7461538461538462,0.7076923076923077,0.6865384615384615,0.7056410256410256,0.027459251981711622
0.0011007308959960938,0.0004883863710331935,0.00030264854431152346,0.00040327355227270456,balanced,gini,3,10,10,42,"{'class_weight': 'balanced', 'criterion': 'gini', 'max_depth': 3, 'min_samples_leaf': 10, 'min_samples_split': 10, 'random_state': 42}",0.65,0.5666666666666667,0.4666666666666667,0.6333333333333333,0.6333333333333333,0.5900000000000001,0.06798692684790379,14,0.6666666666666667,0.7211538461538461,0.7461538461538462,0.7076923076923077,0.6865384615384615,0.7056410256410256,0.027459251981711622
0.0010017871856689454,2.2291512404066643e-05,0.00030112266540527344,0.00040054934360716924,balanced,gini,4,1,2,42,"{'class_weight': 'balanced', 'criterion': 'gini', 'max_depth': 4, 'min_samples_leaf': 1, 'min_samples_split': 2, 'random_state': 42}",0.525,0.6666666666666666,0.3666666666666667,0.3666666666666667,0.8333333333333333,0.5516666666666666,0.17984561280288278,51,0.75,0.9115384615384616,0.9365384615384615,0.8461538461538461,0.9,0.8688461538461538,0.06635479319447586
0.0012032508850097657,0.000982358353351096,0.0009997367858886718,0.0015487117005764939,balanced,gini,4,1,5,42,"{'class_weight': 'balanced', 'criterion': 'gini', 'max_depth': 4, 'min_samples_leaf': 1, 'min_samples_split': 5, 'random_state': 42}",0.525,0.6666666666666666,0.3666666666666667,0.3666666666666667,0.7333333333333334,0.5316666666666666,0.15059142664102024,57,0.75,0.8865384615384615,0.9115384615384616,0.8461538461538461,0.875,0.853846153846154,0.05601405149154133
0.0007021903991699218,0.00040035207479419366,0.0004002571105957031,0.0004902128666314247,balanced,gini,4,1,10,42,"{'class_weight': 'balanced', 'criterion': 'gini', 'max_depth': 4, 'min_samples_leaf': 1, 'min_samples_split': 10, 'random_state': 42}",0.525,0.6666666666666666,0.26666666666666666,0.3666666666666667,0.7333333333333334,0.5116666666666667,0.17572073804129604,83,0.75,0.8480769230769231,0.85,0.8461538461538461,0.8,0.8188461538461539,0.039155281823459724
0.0015192508697509765,0.0009968665459306311,0.0006000995635986328,0.0012001991271972656,balanced,gini,4,2,2,42,"{'class_weight': 'balanced', 'criterion': 'gini', 'max_depth': 4, 'min_samples_leaf': 2, 'min_samples_split': 2, 'random_state': 42}",0.525,0.5666666666666667,0.3666666666666667,0.4666666666666667,0.7333333333333334,0.5316666666666667,0.12115187896924166,55,0.75,0.825,0.9115384615384616,0.8076923076923077,0.825,0.8238461538461539,0.05178185924380821
0.0015997886657714844,0.0007998347722148819,0.0006001949310302735,0.001200389862060547,balanced,gini,4,2,5,42,"{'class_weight': 'balanced', 'criterion': 'gini', 'max_depth': 4, 'min_samples_leaf': 2, 'min_samples_split': 5, 'random_state': 42}",0.525,0.5666666666666667,0.3666666666666667,0.4666666666666667,0.7333333333333334,0.5316666666666667,0.12115187896924166,55,0.75,0.825,0.9115384615384616,0.8076923076923077,0.825,0.8238461538461539,0.05178185924380821
0.001612091064453125,0.0014043443712776368,0.001705312728881836,0.001330149424535347,balanced,gini,4,2,10,42,"{'class_weight': 'balanced', 'criterion': 'gini', 'max_depth': 4, 'min_samples_leaf': 2, 'min_samples_split': 10, 'random_state': 42}",0.525,0.6666666666666666,0.26666666666666666,0.4666666666666667,0.7333333333333334,0.5316666666666666,0.16333333333333336,57,0.75,0.823076923076923,0.85,0.8076923076923077,0.775,0.8011538461538462,0.035242188273708626
0.0010026931762695313,3.729098281100684e-06,0.0,0.0,balanced,gini,4,5,2,42,"{'class_weight': 'balanced', 'criterion': 'gini', 'max_depth': 4, 'min_samples_leaf': 5, 'min_samples_split': 2, 'random_state': 42}",0.675,0.5666666666666667,0.2,0.3333333333333333,0.6333333333333333,0.48166666666666663,0.18381754238616316,100,0.7916666666666667,0.7365384615384616,0.7846153846153847,0.8365384615384616,0.7115384615384616,0.7721794871794873,0.04387276145737947
0.0013904571533203125,0.0013635744546503126,0.0003998279571533203,0.0004896882208465656,balanced,gini,4,5,5,42,"{'class_weight': 'balanced', 'criterion': 'gini', 'max_depth': 4, 'min_samples_leaf': 5, 'min_samples_split': 5, 'random_state': 42}",0.675,0.5666666666666667,0.2,0.3333333333333333,0.6333333333333333,0.48166666666666663,0.18381754238616316,100,0.7916666666666667,0.7365384615384616,0.7846153846153847,0.8365384615384616,0.7115384615384616,0.7721794871794873,0.04387276145737947
0.0015142440795898437,0.0007751426974761629,0.0005999088287353515,0.00079985857143138,balanced,gini,4,5,10,42,"{'class_weight': 'balanced', 'criterion': 'gini', 'max_depth': 4, 'min_samples_leaf': 5, 'min_samples_split': 10, 'random_state': 42}",0.675,0.5666666666666667,0.2,0.3333333333333333,0.6333333333333333,0.48166666666666663,0.18381754238616316,100,0.7916666666666667,0.7365384615384616,0.7846153846153847,0.8365384615384616,0.7115384615384616,0.7721794871794873,0.04387276145737947
0.001402139663696289,0.0009701919638158597,0.0008014678955078125,0.00040074112521229857,balanced,gini,4,10,2,42,"{'class_weight': 'balanced', 'criterion': 'gini', 'max_depth': 4, 'min_samples_leaf': 10, 'min_samples_split': 2, 'random_state': 42}",0.65,0.5666666666666667,0.4666666666666667,0.6333333333333333,0.6333333333333333,0.5900000000000001,0.06798692684790379,14,0.6666666666666667,0.7211538461538461,0.7461538461538462,0.7076923076923077,0.6865384615384615,0.7056410256410256,0.027459251981711622
0.001001262664794922,2.6702880859375003e-06,0.00010190010070800781,0.00020380020141601561,balanced,gini,4,10,5,42,"{'class_weight': 'balanced', 'criterion': 'gini', 'max_depth': 4, 'min_samples_leaf': 10, 'min_samples_split': 5, 'random_state': 42}",0.65,0.5666666666666667,0.4666666666666667,0.6333333333333333,0.6333333333333333,0.5900000000000001,0.06798692684790379,14,0.6666666666666667,0.7211538461538461,0.7461538461538462,0.7076923076923077,0.6865384615384615,0.7056410256410256,0.027459251981711622
0.0027040481567382813,0.0008709400554451324,0.0019048690795898438,0.0004940200631599003,balanced,gini,4,10,10,42,"{'class_weight': 'balanced', 'criterion': 'gini', 'max_depth': 4, 'min_samples_leaf': 10, 'min_samples_split': 10, 'random_state': 42}",0.65,0.5666666666666667,0.4666666666666667,0.6333333333333333,0.6333333333333333,0.5900000000000001,0.06798692684790379,14,0.6666666666666667,0.7211538461538461,0.7461538461538462,0.7076923076923077,0.6865384615384615,0.7056410256410256,0.027459251981711622
0.0010010242462158204,2.6830301087637327e-06,0.0008001327514648438,0.0004000663757324219,balanced,gini,5,1,2,42,"{'class_weight': 'balanced', 'criterion': 'gini', 'max_depth': 5, 'min_samples_leaf': 1, 'min_samples_split': 2, 'random_state': 42}",0.575,0.6666666666666666,0.26666666666666666,0.3666666666666667,0.8333333333333333,0.5416666666666666,0.20398801707725653,53,0.8333333333333333,0.975,0.975,0.8846153846153846,0.975,0.9285897435897436,0.059108821071546636
0.0009010791778564453,0.0006629495082884413,0.001001262664794922,2.7125287348418984e-06,balanced,gini,5,1,5,42,"{'class_weight': 'balanced', 'criterion': 'gini', 'max_depth': 5, 'min_samples_leaf': 1, 'min_samples_split': 5, 'random_state': 42}",0.575,0.6666666666666666,0.3666666666666667,0.3666666666666667,0.8333333333333333,0.5616666666666668,0.179474541679624,47,0.8333333333333333,0.9,0.925,0.8846153846153846,0.9,0.8885897435897435,0.030512820512820556
0.0011011600494384766,0.00020187038365072264,0.0006013870239257813,0.0004910361675348592,balanced,gini,5,1,10,42,"{'class_weight': 'balanced', 'criterion': 'gini', 'max_depth': 5, 'min_samples_leaf': 1, 'min_samples_split': 10, 'random_state': 42}",0.575,0.6666666666666666,0.26666666666666666,0.3666666666666667,0.7333333333333334,0.5216666666666667,0.17760755739676296,68,0.8333333333333333,0.8480769230769231,0.85,0.8846153846153846,0.8,0.8432051282051282,0.02738192630607689
0.001116466522216797,0.0010103957658488952,0.0008002281188964844,0.0007482265406519477,balanced,gini,5,2,2,42,"{'class_weight': 'balanced', 'criterion': 'gini', 'max_depth': 5, 'min_samples_leaf': 2, 'min_samples_split': 2, 'random_state': 42}",0.575,0.6666666666666666,0.3666666666666667,0.3666666666666667,0.8333333333333333,0.5616666666666668,0.179474541679624,47,0.8333333333333333,0.9115384615384616,0.925,0.8730769230769231,0.95,0.8985897435897435,0.04103044843628103
0.0012882709503173827,0.000612925741225797,0.0011166572570800782,0.0010101852153485157,balanced,gini,5,2,5,42,"{'class_weight': 'balanced', 'criterion': 'gini', 'max_depth': 5, 'min_samples_leaf': 2, 'min_samples_split': 5, 'random_state': 42}",0.575,0.6666666666666666,0.3666666666666667,0.3666666666666667,0.8333333333333333,0.5616666666666668,0.179474541679624,47,0.8333333333333333,0.9115384615384616,0.925,0.8730769230769231,0.95,0.8985897435897435,0.04103044843628103
0.0018043041229248047,0.0008147436825227939,0.0009992122650146484,0.0006320329485995473,balanced,gini,5,2,10,42,"{'class_weight': 'balanced', 'criterion': 'gini', 'max_depth': 5, 'min_samples_leaf': 2, 'min_samples_split': 10, 'random_state': 42}",0.575,0.6666666666666666,0.26666666666666666,0.3666666666666667,0.7333333333333334,0.5216666666666667,0.17760755739676296,68,0.8333333333333333,0.823076923076923,0.85,0.8730769230769231,0.775,0.8308974358974359,0.032666908182498886
0.0010000705718994141,1.319728136358075e-06,0.00019993782043457032,0.0003998756408691407,balanced,gini,5,5,2,42,"{'class_weight': 'balanced', 'criterion': 'gini', 'max_depth': 5, 'min_samples_leaf': 5, 'min_samples_split': 2, 'random_state': 42}",0.675,0.5666666666666667,0.2,0.3333333333333333,0.6333333333333333,0.48166666666666663,0.18381754238616316,100,0.7916666666666667,0.7365384615384616,0.7846153846153847,0.8365384615384616,0.7115384615384616,0.7721794871794873,0.04387276145737947
0.0009016990661621094,0.0004915399469155168,0.00040192604064941405,0.0004922610660141695,balanced,gini,5,5,5,42,"{'class_weight': 'balanced', 'criterion': 'gini', 'max_depth': 5, 'min_samples_leaf': 5, 'min_samples_split': 5, 'random_state': 42}",0.675,0.5666666666666667,0.2,0.3333333333333333,0.6333333333333333,0.48166666666666663,0.18381754238616316,100,0.7916666666666667,0.7365384615384616,0.7846153846153847,0.8365384615384616,0.7115384615384616,0.7721794871794873,0.04387276145737947
0.0007013320922851562,0.00039958360936174646,0.0001998424530029297,0.0003996849060058594,balanced,gini,5,5,10,42,"{'class_weight': 'balanced', 'criterion': 'gini', 'max_depth': 5, 'min_samples_leaf': 5, 'min_samples_split': 10, 'random_state': 42}",0.675,0.5666666666666667,0.2,0.3333333333333333,0.6333333333333333,0.48166666666666663,0.18381754238616316,100,0.7916666666666667,0.7365384615384616,0.7846153846153847,0.8365384615384616,0.7115384615384616,0.7721794871794873,0.04387276145737947
0.0010022163391113282,3.0255684050016987e-06,0.00010113716125488281,0.00020227432250976562,balanced,gini,5,10,2,42,"{'class_weight': 'balanced', 'criterion': 'gini', 'max_depth': 5, 'min_samples_leaf': 10, 'min_samples_split': 2, 'random_state': 42}",0.65,0.5666666666666667,0.4666666666666667,0.6333333333333333,0.6333333333333333,0.5900000000000001,0.06798692684790379,14,0.6666666666666667,0.7211538461538461,0.7461538461538462,0.7076923076923077,0.6865384615384615,0.7056410256410256,0.027459251981711622
0.002199888229370117,0.0009799588782293616,0.0016034603118896484,0.0013214756157561261,balanced,gini,5,10,5,42,"{'class_weight': 'balanced', 'criterion': 'gini', 'max_depth': 5, 'min_samples_leaf': 10, 'min_samples_split': 5, 'random_state': 42}",0.65,0.5666666666666667,0.4666666666666667,0.6333333333333333,0.6333333333333333,0.5900000000000001,0.06798692684790379,14,0.6666666666666667,0.7211538461538461,0.7461538461538462,0.7076923076923077,0.6865384615384615,0.7056410256410256,0.027459251981711622
0.002765321731567383,0.0012655398013040207,0.0019032478332519532,0.0013585787079440604,balanced,gini,5,10,10,42,"{'class_weight': 'balanced', 'criterion': 'gini', 'max_depth': 5, 'min_samples_leaf': 10, 'min_samples_split': 10, 'random_state': 42}",0.65,0.5666666666666667,0.4666666666666667,0.6333333333333333,0.6333333333333333,0.5900000000000001,0.06798692684790379,14,0.6666666666666667,0.7211538461538461,0.7461538461538462,0.7076923076923077,0.6865384615384615,0.7056410256410256,0.027459251981711622
0.0031022548675537108,0.0006637742359648708,0.002507448196411133,0.0008978154742996076,balanced,gini,,1,2,42,"{'class_weight': 'balanced', 'criterion': 'gini', 'max_depth': None, 'min_samples_leaf': 1, 'min_samples_split': 2, 'random_state': 42}",0.675,0.6666666666666666,0.3666666666666667,0.43333333333333335,0.8333333333333333,0.595,0.1712373271872176,7,1.0,1.0,1.0,1.0,1.0,1.0,0.0
0.002909231185913086,0.001600722733821574,0.001558971405029297,0.0008347801076861577,balanced,gini,,1,5,42,"{'class_weight': 'balanced', 'criterion': 'gini', 'max_depth': None, 'min_samples_leaf': 1, 'min_samples_split': 5, 'random_state': 42}",0.45,0.6666666666666666,0.3666666666666667,0.26666666666666666,0.8333333333333333,0.5166666666666666,0.20602049520483254,82,0.9083333333333333,0.9,0.925,0.9615384615384616,0.925,0.923974358974359,0.02113091219899426
0.0029589653015136717,0.001236122536303506,0.002001523971557617,0.0008945796910579619,balanced,gini,,1,10,42,"{'class_weight': 'balanced', 'criterion': 'gini', 'max_depth': None, 'min_samples_leaf': 1, 'min_samples_split': 10, 'random_state': 42}",0.65,0.6666666666666666,0.26666666666666666,0.6,0.7333333333333334,0.5833333333333333,0.16397831834998458,46,0.8333333333333333,0.8480769230769231,0.85,0.925,0.8,0.8512820512820513,0.04098355212809355
0.001804018020629883,0.0008140881701116672,0.0010017871856689454,0.0010955443075586799,balanced,gini,,2,2,42,"{'class_weight': 'balanced', 'criterion': 'gini', 'max_depth': None, 'min_samples_leaf': 2, 'min_samples_split': 2, 'random_state': 42}",0.45,0.6666666666666666,0.3666666666666667,0.6,0.8333333333333333,0.5833333333333334,0.16397831834998453,44,0.9083333333333333,0.9115384615384616,0.925,1.0,0.95,0.938974358974359,0.03386023405650946
0.0009998321533203126,5.135693366178993e-07,0.0005015373229980469,0.0006349387951395534,balanced,gini,,2,5,42,"{'class_weight': 'balanced', 'criterion': 'gini', 'max_depth': None, 'min_samples_leaf': 2, 'min_samples_split': 5, 'random_state': 42}",0.45,0.6666666666666666,0.3666666666666667,0.6,0.8333333333333333,0.5833333333333334,0.16397831834998453,44,0.9083333333333333,0.9115384615384616,0.925,0.95,0.95,0.9289743589743591,0.01805554291204732
0.0006001949310302735,0.0004900572096040241,0.0004000663757324219,0.000489979334704009,balanced,gini,,2,10,42,"{'class_weight': 'balanced', 'criterion': 'gini', 'max_depth': None, 'min_samples_leaf': 2, 'min_samples_split': 10, 'random_state': 42}",0.65,0.6666666666666666,0.26666666666666666,0.3666666666666667,0.7333333333333334,0.5366666666666667,0.18451136670797397,54,0.8333333333333333,0.823076923076923,0.85,0.8730769230769231,0.775,0.8308974358974359,0.032666908182498886
0.0018000125885009766,0.0018339279995653818,0.0022043228149414063,0.000982320754763432,balanced,gini,,5,2,42,"{'class_weight': 'balanced', 'criterion': 'gini', 'max_depth': None, 'min_samples_leaf': 5, 'min_samples_split': 2, 'random_state': 42}",0.675,0.5666666666666667,0.2,0.3333333333333333,0.6333333333333333,0.48166666666666663,0.18381754238616316,100,0.7916666666666667,0.7365384615384616,0.7846153846153847,0.8365384615384616,0.7115384615384616,0.7721794871794873,0.04387276145737947
0.002663421630859375,0.0014403722284866594,0.0022307872772216798,0.001215943472961876,balanced,gini,,5,5,42,"{'class_weight': 'balanced', 'criterion': 'gini', 'max_depth': None, 'min_samples_leaf': 5, 'min_samples_split': 5, 'random_state': 42}",0.675,0.5666666666666667,0.2,0.3333333333333333,0.6333333333333333,0.48166666666666663,0.18381754238616316,100,0.7916666666666667,0.7365384615384616,0.7846153846153847,0.8365384615384616,0.7115384615384616,0.7721794871794873,0.04387276145737947
0.001600360870361328,0.0007986919430880321,0.000599527359008789,0.0004895124103955381,balanced,gini,,5,10,42,"{'class_weight': 'balanced', 'criterion': 'gini', 'max_depth': None, 'min_samples_leaf': 5, 'min_samples_split': 10, 'random_state': 42}",0.675,0.5666666666666667,0.2,0.3333333333333333,0.6333333333333333,0.48166666666666663,0.18381754238616316,100,0.7916666666666667,0.7365384615384616,0.7846153846153847,0.8365384615384616,0.7115384615384616,0.7721794871794873,0.04387276145737947
0.0010021209716796875,3.1644172712396737e-06,0.0008000373840332031,0.00040002012724328477,balanced,gini,,10,2,42,"{'class_weight': 'balanced', 'criterion': 'gini', 'max_depth': None, 'min_samples_leaf': 10, 'min_samples_split': 2, 'random_state': 42}",0.65,0.5666666666666667,0.4666666666666667,0.6333333333333333,0.6333333333333333,0.5900000000000001,0.06798692684790379,14,0.6666666666666667,0.7211538461538461,0.7461538461538462,0.7076923076923077,0.6865384615384615,0.7056410256410256,0.027459251981711622
0.001001596450805664,4.230166457408309e-06,0.0008022308349609375,0.00040112564905552255,balanced,gini,,10,5,42,"{'class_weight': 'balanced', 'criterion': 'gini', 'max_depth': None, 'min_samples_leaf': 10, 'min_samples_split': 5, 'random_state': 42}",0.65,0.5666666666666667,0.4666666666666667,0.6333333333333333,0.6333333333333333,0.5900000000000001,0.06798692684790379,14,0.6666666666666667,0.7211538461538461,0.7461538461538462,0.7076923076923077,0.6865384615384615,0.7056410256410256,0.027459251981711622
0.0015027523040771484,0.0004478288973194334,0.000760650634765625,0.00038861662620685405,balanced,gini,,10,10,42,"{'class_weight': 'balanced', 'criterion': 'gini', 'max_depth': None, 'min_samples_leaf': 10, 'min_samples_split': 10, 'random_state': 42}",0.65,0.5666666666666667,0.4666666666666667,0.6333333333333333,0.6333333333333333,0.5900000000000001,0.06798692684790379,14,0.6666666666666667,0.7211538461538461,0.7461538461538462,0.7076923076923077,0.6865384615384615,0.7056410256410256,0.027459251981711622
0.0012005805969238282,0.00040237910305216345,0.0009209156036376953,0.0001593354485728625,balanced,entropy,2,1,2,42,"{'class_weight': 'balanced', 'criterion': 'entropy', 'max_depth': 2, 'min_samples_leaf': 1, 'min_samples_split': 2, 'random_state': 42}",0.6,0.6666666666666666,0.3333333333333333,0.5,0.9,0.5999999999999999,0.18737959096740261,1,0.7,0.6538461538461539,0.75,0.7,0.625,0.6857692307692307,0.042994426499944983
0.0015029430389404297,0.001005912893700731,0.0007589817047119141,0.00038756826141303355,balanced,entropy,2,1,5,42,"{'class_weight': 'balanced', 'criterion': 'entropy', 'max_depth': 2, 'min_samples_leaf': 1, 'min_samples_split': 5, 'random_state': 42}",0.6,0.6666666666666666,0.3333333333333333,0.5,0.9,0.5999999999999999,0.18737959096740261,1,0.7,0.6538461538461539,0.75,0.7,0.625,0.6857692307692307,0.042994426499944983
0.001599884033203125,0.001199793876019303,0.0008230209350585938,0.0009261880024743325,balanced,entropy,2,1,10,42,"{'class_weight': 'balanced', 'criterion': 'entropy', 'max_depth': 2, 'min_samples_leaf': 1, 'min_samples_split': 10, 'random_state': 42}",0.6,0.6666666666666666,0.3333333333333333,0.5,0.9,0.5999999999999999,0.18737959096740261,1,0.7,0.6538461538461539,0.75,0.7,0.625,0.6857692307692307,0.042994426499944983
0.0007011890411376953,0.000601853577754615,0.0006029129028320313,0.0004922838138923905,balanced,entropy,2,2,2,42,"{'class_weight': 'balanced', 'criterion': 'entropy', 'max_depth': 2, 'min_samples_leaf': 2, 'min_samples_split': 2, 'random_state': 42}",0.6,0.6666666666666666,0.3333333333333333,0.5,0.9,0.5999999999999999,0.18737959096740261,1,0.7,0.6538461538461539,0.75,0.7,0.625,0.6857692307692307,0.042994426499944983
0.0011022567749023437,0.0008043928598123109,0.0008001327514648438,0.00040006657465132997,balanced,entropy,2,2,5,42,"{'class_weight': 'balanced', 'criterion': 'entropy', 'max_depth': 2, 'min_samples_leaf': 2, 'min_samples_split': 5, 'random_state': 42}",0.6,0.6666666666666666,0.3333333333333333,0.5,0.9,0.5999999999999999,0.18737959096740261,1,0.7,0.6538461538461539,0.75,0.7,0.625,0.6857692307692307,0.042994426499944983
0.0022040843963623048,0.0014687548689339652,0.00040001869201660155,0.0008000373840332031,balanced,entropy,2,2,10,42,"{'class_weight': 'balanced', 'criterion': 'entropy', 'max_depth': 2, 'min_samples_leaf': 2, 'min_samples_split': 10, 'random_state': 42}",0.6,0.6666666666666666,0.3333333333333333,0.5,0.9,0.5999999999999999,0.18737959096740261,1,0.7,0.6538461538461539,0.75,0.7,0.625,0.6857692307692307,0.042994426499944983
0.0023010730743408202,0.0013999755569732784,0.0022066593170166015,0.0010348348922485195,balanced,entropy,2,5,2,42,"{'class_weight': 'balanced', 'criterion': 'entropy', 'max_depth': 2, 'min_samples_leaf': 5, 'min_samples_split': 2, 'random_state': 42}",0.625,0.5666666666666667,0.3333333333333333,0.5,0.6333333333333333,0.5316666666666666,0.11010096376609163,57,0.7083333333333334,0.7211538461538461,0.75,0.7,0.7115384615384616,0.7182051282051283,0.017279654402758294
0.003229665756225586,0.0010061428489064252,0.002303314208984375,0.0007476842433736723,balanced,entropy,2,5,5,42,"{'class_weight': 'balanced', 'criterion': 'entropy', 'max_depth': 2, 'min_samples_leaf': 5, 'min_samples_split': 5, 'random_state': 42}",0.625,0.5666666666666667,0.3333333333333333,0.5,0.6333333333333333,0.5316666666666666,0.11010096376609163,57,0.7083333333333334,0.7211538461538461,0.75,0.7,0.7115384615384616,0.7182051282051283,0.017279654402758294
0.0011997699737548828,0.0004005206022238541,0.0007028579711914062,0.0009855847912103844,balanced,entropy,2,5,10,42,"{'class_weight': 'balanced', 'criterion': 'entropy', 'max_depth': 2, 'min_samples_leaf': 5, 'min_samples_split': 10, 'random_state': 42}",0.625,0.5666666666666667,0.3333333333333333,0.5,0.6333333333333333,0.5316666666666666,0.11010096376609163,57,0.7083333333333334,0.7211538461538461,0.75,0.7,0.7115384615384616,0.7182051282051283,0.017279654402758294
0.0009020805358886719,0.00019796126493060612,0.0006009101867675781,0.0004906484426701364,balanced,entropy,2,10,2,42,"{'class_weight': 'balanced', 'criterion': 'entropy', 'max_depth': 2, 'min_samples_leaf': 10, 'min_samples_split': 2, 'random_state': 42}",0.65,0.5666666666666667,0.4666666666666667,0.6333333333333333,0.6333333333333333,0.5900000000000001,0.06798692684790379,14,0.6666666666666667,0.7211538461538461,0.7461538461538462,0.7076923076923077,0.6865384615384615,0.7056410256410256,0.027459251981711622
0.001798248291015625,0.000980468091294987,0.0013018608093261718,0.0008738624831670556,balanced,entropy,2,10,5,42,"{'class_weight': 'balanced', 'criterion': 'entropy', 'max_depth': 2, 'min_samples_leaf': 10, 'min_samples_split': 5, 'random_state': 42}",0.65,0.5666666666666667,0.4666666666666667,0.6333333333333333,0.6333333333333333,0.5900000000000001,0.06798692684790379,14,0.6666666666666667,0.7211538461538461,0.7461538461538462,0.7076923076923077,0.6865384615384615,0.7056410256410256,0.027459251981711622
0.0010000228881835937,7.62939453125e-07,0.00010128021240234375,0.0002025604248046875,balanced,entropy,2,10,10,42,"{'class_weight': 'balanced', 'criterion': 'entropy', 'max_depth': 2, 'min_samples_leaf': 10, 'min_samples_split': 10, 'random_state': 42}",0.65,0.5666666666666667,0.4666666666666667,0.6333333333333333,0.6333333333333333,0.5900000000000001,0.06798692684790379,14,0.6666666666666667,0.7211538461538461,0.7461538461538462,0.7076923076923077,0.6865384615384615,0.7056410256410256,0.027459251981711622
0.0035072803497314454,0.0008410651038880868,0.0028004169464111326,0.0009797082304259955,balanced,entropy,3,1,2,42,"{'class_weight': 'balanced', 'criterion': 'entropy', 'max_depth': 3, 'min_samples_leaf': 1, 'min_samples_split': 2, 'random_state': 42}",0.475,0.6666666666666666,0.3,0.4666666666666667,0.7333333333333334,0.5283333333333333,0.1548834687398526,62,0.75,0.7711538461538461,0.8461538461538461,0.8076923076923077,0.7461538461538462,0.7842307692307692,0.03788803186469154
0.000400543212890625,0.000490563825127073,0.0006013870239257813,0.0004910360749251038,balanced,entropy,3,1,5,42,"{'class_weight': 'balanced', 'criterion': 'entropy', 'max_depth': 3, 'min_samples_leaf': 1, 'min_samples_split': 5, 'random_state': 42}",0.475,0.6666666666666666,0.3,0.4666666666666667,0.7333333333333334,0.5283333333333333,0.1548834687398526,62,0.75,0.7711538461538461,0.8461538461538461,0.8076923076923077,0.7461538461538462,0.7842307692307692,0.03788803186469154
0.0011029720306396484,0.00020170321137332552,0.0,0.0,balanced,entropy,3,1,10,42,"{'class_weight': 'balanced', 'criterion': 'entropy', 'max_depth': 3, 'min_samples_leaf': 1, 'min_samples_split': 10, 'random_state': 42}",0.475,0.6666666666666666,0.3,0.4666666666666667,0.7333333333333334,0.5283333333333333,0.1548834687398526,62,0.75,0.7711538461538461,0.8461538461538461,0.8076923076923077,0.7461538461538462,0.7842307692307692,0.03788803186469154
0.004202079772949219,0.0006795963309096926,0.0029046058654785155,0.0004948593973260248,balanced,entropy,3,2,2,42,"{'class_weight': 'balanced', 'criterion': 'entropy', 'max_depth': 3, 'min_samples_leaf': 2, 'min_samples_split': 2, 'random_state': 42}",0.475,0.6666666666666666,0.3,0.4666666666666667,0.7333333333333334,0.5283333333333333,0.1548834687398526,62,0.75,0.7711538461538461,0.8461538461538461,0.8076923076923077,0.7461538461538462,0.7842307692307692,0.03788803186469154
0.0012012481689453124,0.0014725208475484673,0.0012000083923339843,0.0009802895072579217,balanced,entropy,3,2,5,42,"{'class_weight': 'balanced', 'criterion': 'entropy', 'max_depth': 3, 'min_samples_leaf': 2, 'min_samples_split': 5, 'random_state': 42}",0.475,0.6666666666666666,0.3,0.4666666666666667,0.7333333333333334,0.5283333333333333,0.1548834687398526,62,0.75,0.7711538461538461,0.8461538461538461,0.8076923076923077,0.7461538461538462,0.7842307692307692,0.03788803186469154
0.0018020153045654296,0.0011691333922466056,0.0011998653411865235,0.0009796378394286254,balanced,entropy,3,2,10,42,"{'class_weight': 'balanced', 'criterion': 'entropy', 'max_depth': 3, 'min_samples_leaf': 2, 'min_samples_split': 10, 'random_state': 42}",0.475,0.6666666666666666,0.3,0.4666666666666667,0.7333333333333334,0.5283333333333333,0.1548834687398526,62,0.75,0.7711538461538461,0.8461538461538461,0.8076923076923077,0.7461538461538462,0.7842307692307692,0.03788803186469154
0.0017994880676269532,0.0011662044757877036,0.0007032871246337891,0.0014065742492675782,balanced,entropy,3,5,2,42,"{'class_weight': 'balanced', 'criterion': 'entropy', 'max_depth': 3, 'min_samples_leaf': 5, 'min_samples_split': 2, 'random_state': 42}",0.325,0.5666666666666667,0.3,0.43333333333333335,0.6333333333333333,0.45166666666666666,0.13085190950927014,109,0.7583333333333333,0.7365384615384616,0.8211538461538461,0.8211538461538461,0.7115384615384616,0.7697435897435898,0.04451211153872352
0.0009999752044677734,1.112165812462864e-06,0.00039997100830078123,0.0004898625339533384,balanced,entropy,3,5,5,42,"{'class_weight': 'balanced', 'criterion': 'entropy', 'max_depth': 3, 'min_samples_leaf': 5, 'min_samples_split': 5, 'random_state': 42}",0.325,0.5666666666666667,0.3,0.43333333333333335,0.6333333333333333,0.45166666666666666,0.13085190950927014,109,0.7583333333333333,0.7365384615384616,0.8211538461538461,0.8211538461538461,0.7115384615384616,0.7697435897435898,0.04451211153872352
0.0011014461517333985,0.00020244162967959843,0.0007992267608642578,0.0003996137609400911,balanced,entropy,3,5,10,42,"{'class_weight': 'balanced', 'criterion': 'entropy', 'max_depth': 3, 'min_samples_leaf': 5, 'min_samples_split': 10, 'random_state': 42}",0.325,0.5666666666666667,0.3,0.43333333333333335,0.6333333333333333,0.45166666666666666,0.13085190950927014,109,0.7583333333333333,0.7365384615384616,0.8211538461538461,0.8211538461538461,0.7115384615384616,0.7697435897435898,0.04451211153872352
0.0011976242065429687,0.0009820708764651247,0.001207113265991211,0.0009779585790873299,balanced,entropy,3,10,2,42,"{'class_weight': 'balanced', 'criterion': 'entropy', 'max_depth': 3, 'min_samples_leaf': 10, 'min_samples_split': 2, 'random_state': 42}",0.65,0.5666666666666667,0.4666666666666667,0.6333333333333333,0.6333333333333333,0.5900000000000001,0.06798692684790379,14,0.6666666666666667,0.7211538461538461,0.7461538461538462,0.7076923076923077,0.6865384615384615,0.7056410256410256,0.027459251981711622
0.0011210441589355469,0.00023855243739872472,0.00038347244262695315,0.0004703882098024936,balanced,entropy,3,10,5,42,"{'class_weight': 'balanced', 'criterion': 'entropy', 'max_depth': 3, 'min_samples_leaf': 10, 'min_samples_split': 5, 'random_state': 42}",0.65,0.5666666666666667,0.4666666666666667,0.6333333333333333,0.6333333333333333,0.5900000000000001,0.06798692684790379,14,0.6666666666666667,0.7211538461538461,0.7461538461538462,0.7076923076923077,0.6865384615384615,0.7056410256410256,0.027459251981711622
0.0007029056549072265,0.0003987666136949166,0.0007017135620117187,0.0006022743896154831,balanced,entropy,3,10,10,42,"{'class_weight': 'balanced', 'criterion': 'entropy', 'max_depth': 3, 'min_samples_leaf': 10, 'min_samples_split': 10, 'random_state': 42}",0.65,0.5666666666666667,0.4666666666666667,0.6333333333333333,0.6333333333333333,0.5900000000000001,0.06798692684790379,14,0.6666666666666667,0.7211538461538461,0.7461538461538462,0.7076923076923077,0.6865384615384615,0.7056410256410256,0.027459251981711622
0.0007037639617919922,0.0006032240225387449,0.0008016109466552734,0.0004008134259712568,balanced,entropy,4,1,2,42,"{'class_weight': 'balanced', 'criterion': 'entropy', 'max_depth': 4, 'min_samples_leaf': 1, 'min_samples_split': 2, 'random_state': 42}",0.525,0.6666666666666666,0.1,0.4666666666666667,0.7333333333333334,0.49833333333333335,0.22088207009372418,91,0.75,0.8480769230769231,0.85,0.8076923076923077,0.823076923076923,0.8157692307692308,0.036495926659312165
0.0011196613311767578,0.00023922951116422188,0.00020012855529785156,0.0004002571105957031,balanced,entropy,4,1,5,42,"{'class_weight': 'balanced', 'criterion': 'entropy', 'max_depth': 4, 'min_samples_leaf': 1, 'min_samples_split': 5, 'random_state': 42}",0.525,0.6666666666666666,0.1,0.4666666666666667,0.7333333333333334,0.49833333333333335,0.22088207009372418,91,0.75,0.8480769230769231,0.85,0.8076923076923077,0.823076923076923,0.8157692307692308,0.036495926659312165
0.0007026195526123047,0.0003985530936173492,0.0005017280578613281,0.0006351647897208624,balanced,entropy,4,1,10,42,"{'class_weight': 'balanced', 'criterion': 'entropy', 'max_depth': 4, 'min_samples_leaf': 1, 'min_samples_split': 10, 'random_state': 42}",0.525,0.6666666666666666,0.1,0.4666666666666667,0.7333333333333334,0.49833333333333335,0.22088207009372418,91,0.75,0.823076923076923,0.85,0.8076923076923077,0.823076923076923,0.8107692307692307,0.0332997858798667
0.0006018638610839844,0.0004914312207128317,0.0015027046203613282,0.0018449808157879775,balanced,entropy,4,2,2,42,"{'class_weight': 'balanced', 'criterion': 'entropy', 'max_depth': 4, 'min_samples_leaf': 2, 'min_samples_split': 2, 'random_state': 42}",0.525,0.6666666666666666,0.1,0.4666666666666667,0.7333333333333334,0.49833333333333335,0.22088207009372418,91,0.75,0.823076923076923,0.85,0.8076923076923077,0.823076923076923,0.8107692307692307,0.0332997858798667
0.00391998291015625,0.00016064689859226456,0.0029881477355957033,0.0005434710253956162,balanced,entropy,4,2,5,42,"{'class_weight': 'balanced', 'criterion': 'entropy', 'max_depth': 4, 'min_samples_leaf': 2, 'min_samples_split': 5, 'random_state': 42}",0.525,0.6666666666666666,0.1,0.4666666666666667,0.7333333333333334,0.49833333333333335,0.22088207009372418,91,0.75,0.823076923076923,0.85,0.8076923076923077,0.823076923076923,0.8107692307692307,0.0332997858798667
0.003906917572021484,0.0006602544509536672,0.002452850341796875,0.0012323466086485786,balanced,entropy,4,2,10,42,"{'class_weight': 'balanced', 'criterion': 'entropy', 'max_depth': 4, 'min_samples_leaf': 2, 'min_samples_split': 10, 'random_state': 42}",0.525,0.6666666666666666,0.1,0.4666666666666667,0.7333333333333334,0.49833333333333335,0.22088207009372418,91,0.75,0.823076923076923,0.85,0.8076923076923077,0.823076923076923,0.8107692307692307,0.0332997858798667
0.0017065048217773438,0.0005127566031664914,0.0010064125061035156,5.704933645796789e-06,balanced,entropy,4,5,2,42,"{'class_weight': 'balanced', 'criterion': 'entropy', 'max_depth': 4, 'min_samples_leaf': 5, 'min_samples_split': 2, 'random_state': 42}",0.425,0.5666666666666667,0.2,0.3333333333333333,0.6333333333333333,0.43166666666666664,0.1563827214098653,112,0.8,0.7365384615384616,0.8365384615384616,0.8365384615384616,0.7115384615384616,0.7842307692307693,0.051535591194467864
0.00240473747253418,0.001598185927425814,0.001867198944091797,0.0007532032358498629,balanced,entropy,4,5,5,42,"{'class_weight': 'balanced', 'criterion': 'entropy', 'max_depth': 4, 'min_samples_leaf': 5, 'min_samples_split': 5, 'random_state': 42}",0.425,0.5666666666666667,0.2,0.3333333333333333,0.6333333333333333,0.43166666666666664,0.1563827214098653,112,0.8,0.7365384615384616,0.8365384615384616,0.8365384615384616,0.7115384615384616,0.7842307692307693,0.051535591194467864
0.004799509048461914,0.008108733259056351,0.001101541519165039,0.0008012598905765764,balanced,entropy,4,5,10,42,"{'class_weight': 'balanced', 'criterion': 'entropy', 'max_depth': 4, 'min_samples_leaf': 5, 'min_samples_split': 10, 'random_state': 42}",0.425,0.5666666666666667,0.2,0.3333333333333333,0.6333333333333333,0.43166666666666664,0.1563827214098653,112,0.8,0.7365384615384616,0.8365384615384616,0.8365384615384616,0.7115384615384616,0.7842307692307693,0.051535591194467864
0.001399993896484375,0.0004895964619554961,0.0017045021057128906,0.0009909098981476373,balanced,entropy,4,10,2,42,"{'class_weight': 'balanced', 'criterion': 'entropy', 'max_depth': 4, 'min_samples_leaf': 10, 'min_samples_split': 2, 'random_state': 42}",0.65,0.5666666666666667,0.4666666666666667,0.6333333333333333,0.6333333333333333,0.5900000000000001,0.06798692684790379,14,0.6666666666666667,0.7211538461538461,0.7461538461538462,0.7076923076923077,0.6865384615384615,0.7056410256410256,0.027459251981711622
0.0030012607574462892,0.0008934062200063589,0.002710294723510742,0.0009258502441358763,balanced,entropy,4,10,5,42,"{'class_weight': 'balanced', 'criterion': 'entropy', 'max_depth': 4, 'min_samples_leaf': 10, 'min_samples_split': 5, 'random_state': 42}",0.65,0.5666666666666667,0.4666666666666667,0.6333333333333333,0.6333333333333333,0.5900000000000001,0.06798692684790379,14,0.6666666666666667,0.7211538461538461,0.7461538461538462,0.7076923076923077,0.6865384615384615,0.7056410256410256,0.027459251981711622
0.0035985469818115234,0.0004908360433963709,0.0030012130737304688,0.0008951640996475255,balanced,entropy,4,10,10,42,"{'class_weight': 'balanced', 'criterion': 'entropy', 'max_depth': 4, 'min_samples_leaf': 10, 'min_samples_split': 10, 'random_state': 42}",0.65,0.5666666666666667,0.4666666666666667,0.6333333333333333,0.6333333333333333,0.5900000000000001,0.06798692684790379,14,0.6666666666666667,0.7211538461538461,0.7461538461538462,0.7076923076923077,0.6865384615384615,0.7056410256410256,0.027459251981711622
0.0016106605529785157,0.0005914332317007702,0.0008012771606445313,0.0007481365523070704,balanced,entropy,5,1,2,42,"{'class_weight': 'balanced', 'criterion': 'entropy', 'max_depth': 5, 'min_samples_leaf': 1, 'min_samples_split': 2, 'random_state': 42}",0.475,0.6666666666666666,0.2,0.43333333333333335,0.8333333333333333,0.5216666666666667,0.21522597943143904,68,0.8,0.8730769230769231,0.9365384615384615,0.825,0.9115384615384616,0.8692307692307694,0.05115529205590996
0.0023087501525878907,0.0014437045690189538,0.0017663002014160155,0.0009342209082700057,balanced,entropy,5,1,5,42,"{'class_weight': 'balanced', 'criterion': 'entropy', 'max_depth': 5, 'min_samples_leaf': 1, 'min_samples_split': 5, 'random_state': 42}",0.475,0.6666666666666666,0.2,0.43333333333333335,0.8333333333333333,0.5216666666666667,0.21522597943143904,68,0.8,0.8480769230769231,0.9365384615384615,0.825,0.9115384615384616,0.8642307692307692,0.051753283633639194
0.004406547546386719,0.0007301950752242749,0.003202390670776367,0.0003983269811211861,balanced,entropy,5,1,10,42,"{'class_weight': 'balanced', 'criterion': 'entropy', 'max_depth': 5, 'min_samples_leaf': 1, 'min_samples_split': 10, 'random_state': 42}",0.475,0.6666666666666666,0.2,0.43333333333333335,0.7333333333333334,0.5016666666666667,0.188296456566648,84,0.8,0.823076923076923,0.9365384615384615,0.825,0.8615384615384616,0.8492307692307695,0.0478934962416456
0.0022039413452148438,0.00040117557313086783,0.001405191421508789,0.00037453585511404235,balanced,entropy,5,2,2,42,"{'class_weight': 'balanced', 'criterion': 'entropy', 'max_depth': 5, 'min_samples_leaf': 2, 'min_samples_split': 2, 'random_state': 42}",0.475,0.6666666666666666,0.2,0.43333333333333335,0.8333333333333333,0.5216666666666667,0.21522597943143904,68,0.8,0.8596153846153847,0.9365384615384615,0.825,0.8730769230769231,0.8588461538461537,0.04657817758584952
0.0017004966735839843,0.0011670512305327191,0.0012007713317871093,0.0009795512159805808,balanced,entropy,5,2,5,42,"{'class_weight': 'balanced', 'criterion': 'entropy', 'max_depth': 5, 'min_samples_leaf': 2, 'min_samples_split': 5, 'random_state': 42}",0.475,0.6666666666666666,0.2,0.43333333333333335,0.8333333333333333,0.5216666666666667,0.21522597943143904,68,0.8,0.8596153846153847,0.9365384615384615,0.825,0.8730769230769231,0.8588461538461537,0.04657817758584952
0.004164791107177735,0.00042495027151962195,0.003200721740722656,0.00040021125911664566,balanced,entropy,5,2,10,42,"{'class_weight': 'balanced', 'criterion': 'entropy', 'max_depth': 5, 'min_samples_leaf': 2, 'min_samples_split': 10, 'random_state': 42}",0.475,0.6666666666666666,0.2,0.43333333333333335,0.7333333333333334,0.5016666666666667,0.188296456566648,84,0.8,0.823076923076923,0.9365384615384615,0.825,0.823076923076923,0.8415384615384616,0.04838516570556548
0.0020067691802978516,0.0007092736585513418,0.0015076160430908202,0.0004483301368551954,balanced,entropy,5,5,2,42,"{'class_weight': 'balanced', 'criterion': 'entropy', 'max_depth': 5, 'min_samples_leaf': 5, 'min_samples_split': 2, 'random_state': 42}",0.425,0.5666666666666667,0.2,0.3333333333333333,0.6333333333333333,0.43166666666666664,0.1563827214098653,112,0.8,0.7365384615384616,0.8365384615384616,0.8365384615384616,0.7115384615384616,0.7842307692307693,0.051535591194467864
0.0013013839721679687,0.0005983565121223627,0.0004019737243652344,0.0004923274730172155,balanced,entropy,5,5,5,42,"{'class_weight': 'balanced', 'criterion': 'entropy', 'max_depth': 5, 'min_samples_leaf': 5, 'min_samples_split': 5, 'random_state': 42}",0.425,0.5666666666666667,0.2,0.3333333333333333,0.6333333333333333,0.43166666666666664,0.1563827214098653,112,0.8,0.7365384615384616,0.8365384615384616,0.8365384615384616,0.7115384615384616,0.7842307692307693,0.051535591194467864
0.002303457260131836,0.0016612448077990758,0.001363849639892578,0.000726652497404689,balanced,entropy,5,5,10,42,"{'class_weight': 'balanced', 'criterion': 'entropy', 'max_depth': 5, 'min_samples_leaf': 5, 'min_samples_split': 10, 'random_state': 42}",0.425,0.5666666666666667,0.2,0.3333333333333333,0.6333333333333333,0.43166666666666664,0.1563827214098653,112,0.8,0.7365384615384616,0.8365384615384616,0.8365384615384616,0.7115384615384616,0.7842307692307693,0.051535591194467864
0.0006008625030517578,0.0004906029749522874,0.0006005764007568359,0.0004903689101071001,balanced,entropy,5,10,2,42,"{'class_weight': 'balanced', 'criterion': 'entropy', 'max_depth': 5, 'min_samples_leaf': 10, 'min_samples_split': 2, 'random_state': 42}",0.65,0.5666666666666667,0.4666666666666667,0.6333333333333333,0.6333333333333333,0.5900000000000001,0.06798692684790379,14,0.6666666666666667,0.7211538461538461,0.7461538461538462,0.7076923076923077,0.6865384615384615,0.7056410256410256,0.027459251981711622
0.0010003089904785157,1.435271925286523e-06,0.0,0.0,balanced,entropy,5,10,5,42,"{'class_weight': 'balanced', 'criterion': 'entropy', 'max_depth': 5, 'min_samples_leaf': 10, 'min_samples_split': 5, 'random_state': 42}",0.65,0.5666666666666667,0.4666666666666667,0.6333333333333333,0.6333333333333333,0.5900000000000001,0.06798692684790379,14,0.6666666666666667,0.7211538461538461,0.7461538461538462,0.7076923076923077,0.6865384615384615,0.7056410256410256,0.027459251981711622
0.0034663200378417967,0.001301796369569483,0.0028002262115478516,0.0009797650612752636,balanced,entropy,5,10,10,42,"{'class_weight': 'balanced', 'criterion': 'entropy', 'max_depth': 5, 'min_samples_leaf': 10, 'min_samples_split': 10, 'random_state': 42}",0.65,0.5666666666666667,0.4666666666666667,0.6333333333333333,0.6333333333333333,0.5900000000000001,0.06798692684790379,14,0.6666666666666667,0.7211538461538461,0.7461538461538462,0.7076923076923077,0.6865384615384615,0.7056410256410256,0.027459251981711622
0.002584218978881836,0.0008453762721158938,0.0014026165008544922,0.0010191130476117265,balanced,entropy,,1,2,42,"{'class_weight': 'balanced', 'criterion': 'entropy', 'max_depth': None, 'min_samples_leaf': 1, 'min_samples_split': 2, 'random_state': 42}",0.675,0.6666666666666666,0.1,0.43333333333333335,0.8333333333333333,0.5416666666666667,0.25505990581735016,52,1.0,1.0,1.0,1.0,1.0,1.0,0.0
0.0010016441345214843,4.1333833566225695e-06,0.00019998550415039061,0.0003999710083007812,balanced,entropy,,1,5,42,"{'class_weight': 'balanced', 'criterion': 'entropy', 'max_depth': None, 'min_samples_leaf': 1, 'min_samples_split': 5, 'random_state': 42}",0.675,0.5666666666666667,0.1,0.43333333333333335,0.8333333333333333,0.5216666666666667,0.24830536755284924,68,0.9583333333333333,0.9,0.95,0.9615384615384616,0.9230769230769231,0.9385897435897437,0.02356464662746261
0.0009999275207519531,0.0006328653649329219,0.00040225982666015626,0.000492674889926416,balanced,entropy,,1,10,42,"{'class_weight': 'balanced', 'criterion': 'entropy', 'max_depth': None, 'min_samples_leaf': 1, 'min_samples_split': 10, 'random_state': 42}",0.475,0.6666666666666666,0.2,0.43333333333333335,0.7333333333333334,0.5016666666666667,0.188296456566648,84,0.875,0.823076923076923,0.9365384615384615,0.925,0.8615384615384616,0.8842307692307692,0.041804702320369126
0.0008025646209716796,0.0004012908486160601,0.0006002426147460937,0.0004900965298008853,balanced,entropy,,2,2,42,"{'class_weight': 'balanced', 'criterion': 'entropy', 'max_depth': None, 'min_samples_leaf': 2, 'min_samples_split': 2, 'random_state': 42}",0.675,0.5666666666666667,0.1,0.43333333333333335,0.8333333333333333,0.5216666666666667,0.24830536755284924,68,0.9333333333333333,0.8865384615384615,0.95,0.975,0.9365384615384615,0.9362820512820512,0.028880606206564397
0.0010009288787841796,1.1223413749637433e-06,0.0005994796752929688,0.000489475249775899,balanced,entropy,,2,5,42,"{'class_weight': 'balanced', 'criterion': 'entropy', 'max_depth': None, 'min_samples_leaf': 2, 'min_samples_split': 5, 'random_state': 42}",0.775,0.6333333333333333,0.1,0.43333333333333335,0.8333333333333333,0.5549999999999999,0.266020049369717,50,0.9166666666666667,0.8865384615384615,0.95,0.9615384615384616,0.9365384615384615,0.9302564102564104,0.02647179785215414
0.0032538890838623045,0.0017709182695815342,0.0015464305877685546,0.001232198630727688,balanced,entropy,,2,10,42,"{'class_weight': 'balanced', 'criterion': 'entropy', 'max_depth': None, 'min_samples_leaf': 2, 'min_samples_split': 10, 'random_state': 42}",0.475,0.6666666666666666,0.2,0.43333333333333335,0.7333333333333334,0.5016666666666667,0.188296456566648,84,0.875,0.823076923076923,0.9365384615384615,0.925,0.823076923076923,0.8765384615384615,0.04830560995021929
0.001399660110473633,0.001356438387272255,0.0010535240173339844,0.0006417129558616904,balanced,entropy,,5,2,42,"{'class_weight': 'balanced', 'criterion': 'entropy', 'max_depth': None, 'min_samples_leaf': 5, 'min_samples_split': 2, 'random_state': 42}",0.425,0.5666666666666667,0.2,0.3333333333333333,0.6333333333333333,0.43166666666666664,0.1563827214098653,112,0.8,0.7365384615384616,0.8365384615384616,0.8365384615384616,0.7115384615384616,0.7842307692307693,0.051535591194467864
0.0011307716369628907,0.0002603921843437966,0.00019960403442382814,0.00039920806884765627,balanced,entropy,,5,5,42,"{'class_weight': 'balanced', 'criterion': 'entropy', 'max_depth': None, 'min_samples_leaf': 5, 'min_samples_split': 5, 'random_state': 42}",0.425,0.5666666666666667,0.2,0.3333333333333333,0.6333333333333333,0.43166666666666664,0.1563827214098653,112,0.8,0.7365384615384616,0.8365384615384616,0.8365384615384616,0.7115384615384616,0.7842307692307693,0.051535591194467864
0.0012033462524414062,0.0014693308380982852,0.001503324508666992,0.0013412596812015028,balanced,entropy,,5,10,42,"{'class_weight': 'balanced', 'criterion': 'entropy', 'max_depth': None, 'min_samples_leaf': 5, 'min_samples_split': 10, 'random_state': 42}",0.425,0.5666666666666667,0.2,0.3333333333333333,0.6333333333333333,0.43166666666666664,0.1563827214098653,112,0.8,0.7365384615384616,0.8365384615384616,0.8365384615384616,0.7115384615384616,0.7842307692307693,0.051535591194467864
0.0025316715240478516,0.0016551676926363202,0.0017749309539794923,0.0010007327443565795,balanced,entropy,,10,2,42,"{'class_weight': 'balanced', 'criterion': 'entropy', 'max_depth': None, 'min_samples_leaf': 10, 'min_samples_split': 2, 'random_state': 42}",0.65,0.5666666666666667,0.4666666666666667,0.6333333333333333,0.6333333333333333,0.5900000000000001,0.06798692684790379,14,0.6666666666666667,0.7211538461538461,0.7461538461538462,0.7076923076923077,0.6865384615384615,0.7056410256410256,0.027459251981711622
0.0007996082305908204,0.00039980483684898943,0.0007044792175292969,0.0006051423578395422,balanced,entropy,,10,5,42,"{'class_weight': 'balanced', 'criterion': 'entropy', 'max_depth': None, 'min_samples_leaf': 10, 'min_samples_split': 5, 'random_state': 42}",0.65,0.5666666666666667,0.4666666666666667,0.6333333333333333,0.6333333333333333,0.5900000000000001,0.06798692684790379,14,0.6666666666666667,0.7211538461538461,0.7461538461538462,0.7076923076923077,0.6865384615384615,0.7056410256410256,0.027459251981711622
0.0011069774627685547,0.0002048605311070137,0.001403045654296875,0.0004936349767896564,balanced,entropy,,10,10,42,"{'class_weight': 'balanced', 'criterion': 'entropy', 'max_depth': None, 'min_samples_leaf': 10, 'min_samples_split': 10, 'random_state': 42}",0.65,0.5666666666666667,0.4666666666666667,0.6333333333333333,0.6333333333333333,0.5900000000000001,0.06798692684790379,14,0.6666666666666667,0.7211538461538461,0.7461538461538462,0.7076923076923077,0.6865384615384615,0.7056410256410256,0.027459251981711622
