Scen_fut,capex_geo_2050_mean,gas_price_2050_median_nonzero,capex_nuc_2050_mean,capex_bess_2050_mean,capex_solar_2050_mean,capex_wind_2050_mean,discount_rate_global,discount_rate_idv_mean,discount_rate_batt_2050,gas_cap_2050,no_gas_2050
Scenario1_0,3554.562857142857,10.15,5000.0,731.8,1081.6,1081.6,0.097,2631.6246578947375,0.058,0.0,1
Scenario1_1,3489.9361563278,16.3286018445,5737.4359773192,579.0705568772,639.3736204075,639.3736204075,0.081,2631.6278103724653,0.0640173466,0.0,1
Scenario1_2,3521.979208391114,14.9476754978,5391.7683502802,954.9492956119,837.6326849782,837.6326849782,0.077,2631.620123030743,0.0493439996,0.0,1
Scenario1_3,3651.8101984982713,11.7493784531,6340.5544040597,469.0386169072,1012.0576291384,1012.0576291384,0.091,2631.6211143562955,0.0512362094,0.0,1
Scenario1_4,3472.6631117805423,9.2818042747,4231.9583945145,1077.9673890483,631.7604815242,631.7604815242,0.085,2631.6189647311257,0.047133075,4.874693488554849,0
Scenario1_5,3627.806596367557,15.7048300001,7320.694303495,479.2387232953,1344.3428489642,1344.3428489642,0.088,2631.630701395256,0.0695356366,0.0,1
Scenario1_6,3513.004418191957,7.8007323481,6931.1212489894,490.7143083781,1019.7368301375,1019.7368301375,0.119,2631.644911597375,0.0966596068,0.0,1
Scenario1_7,3598.643238066871,8.1069608971,7334.3203289179,996.9538045136,1670.1976394068,1670.1976394068,0.112,2631.6363145088726,0.0802497647,0.7459956410517768,0
Scenario1_8,3659.5198893746997,10.3797091618,7375.5613773561,715.3260777233,1005.9564236458,1005.9564236458,0.085,2631.621726908291,0.0524054287,0.0,1
Scenario1_9,3580.828246606314,8.1604362545,4737.6388082059,1008.1901288574,1600.6010014397,1600.6010014397,0.126,2631.639041523079,0.0854550005,0.920580399321877,0
Scenario1_10,3498.5684926591284,11.3620399381,5112.6176643927,1157.0849729999,637.7435101347,637.7435101347,0.136,2631.6411425792435,0.0894654279,0.2199834628026428,0
Scenario1_11,3491.870447652514,18.0736431164,4486.6747717374,937.4766836219,658.3891411332,658.3891411332,0.124,2631.6423185492977,0.0917100812,0.0,1
Scenario1_12,3542.2342327075,11.0346202664,4807.194435643,484.1652334415,1321.0205917979,1321.0205917979,0.123,2631.625475134829,0.0595599212,0.0,1
Scenario1_13,3538.0696896761715,8.2599108981,4960.3891726632,854.9514742629,670.9238464119,670.9238464119,0.076,2631.628596835744,0.0655185221,0.0,1
Scenario1_14,3490.5220892838856,15.3623879076,4319.6743709427,965.0192112912,1199.7235125744,1199.7235125744,0.077,2631.635598912619,0.0788838579,0.0689601147933646,0
Scenario1_15,3663.6416785232427,7.6733087869,4267.5833517768,466.9037758887,1413.6604773305,1413.6604773305,0.102,2631.63822907431,0.0839042248,0.0,1
Scenario1_16,3646.6116614989855,7.0798151654,4553.1381042105,420.6250780963,1437.6291123498,1437.6291123498,0.101,2631.6269837774307,0.062439569,0.0,1
Scenario1_17,3665.408478800314,9.6739931001,4614.3575692799,665.4521758794,1066.0237866475,1066.0237866475,0.123,2631.6259729838735,0.0605101992,0.0,1
Scenario1_18,3474.667784200171,8.2737025732,4764.576692667,1020.4189951593,1184.8379320962,1184.8379320962,0.122,2631.6595397411033,0.1245813302,0.3198815250425049,0
Scenario1_19,3561.1403032808144,17.0206700597,4303.0643585937,406.4571028769,703.5133410043,703.5133410043,0.075,2631.6206760232594,0.0503995336,0.0,1
Scenario1_20,3604.1324866823857,8.5699356094,6445.6676789805,881.6219461816,1531.4597922956,1531.4597922956,0.083,2631.6437218175124,0.0943885938,0.5138101620566288,0
Scenario1_21,3509.293360247243,17.9263086668,5864.0944028851,719.6873470435,728.4649941827,728.4649941827,0.088,2631.62961454482,0.0674610919,0.0,1
Scenario1_22,3516.740693920514,7.1928179819,4241.9328441261,604.4602354461,1450.5191256214,1450.5191256214,0.1,2631.6440080649927,0.0949349736,0.0,1
Scenario1_23,3511.234867976528,14.7700200383,5639.4256350001,461.0088122184,1379.9907489058,1379.9907489058,0.101,2631.6603747670365,0.1261752005,0.0,1
Scenario1_24,3657.836011436057,7.3886406134,6090.8476704814,601.4943863394,954.9609225302,954.9609225302,0.086,2631.6280462414193,0.0644675656,0.0,1
Scenario1_25,3530.458200573043,11.5205869018,7242.8474820413,852.8864517399,1335.8544114692,1335.8544114692,0.077,2631.641814683931,0.0907483194,0.1312987004294255,0
Scenario1_26,3568.1934216260283,9.1492435325,4809.5378223697,1024.8159162441,1545.4455516166,1545.4455516166,0.087,2631.618670664396,0.0465717701,6.430605134525206,0
Scenario1_27,3592.2657236992854,9.7839316602,5086.0562528117,423.0497473878,1263.5486803845,1263.5486803845,0.106,2631.6556195647186,0.1170986254,0.0,1
Scenario1_28,3495.7910428081855,11.5508492647,4012.2871858281,961.2222055109,1254.0978518494,1254.0978518494,0.132,2631.6172020589815,0.043768544,0.0,1
Scenario1_29,3488.9646078227424,10.0631373788,6707.033274164,815.6908850348,1512.3500976799,1512.3500976799,0.093,2631.621418363832,0.0518164891,0.0,1
Scenario1_30,3563.289325976457,14.8155152338,5984.5251717315,1143.2206919154,650.4849579153,650.4849579153,0.077,2631.6305280373626,0.0692047367,1.0623206395876132,0
Scenario1_31,3674.9009876623427,10.2798444064,5458.2698603552,1136.4166043154,1124.3279932846,1124.3279932846,0.141,2631.638421290301,0.0842711204,1.3428711641343245,0
Scenario1_32,3527.1548554907,17.8396359791,5643.0939640495,742.2353558269,900.2924944051,900.2924944051,0.119,2631.6202531789877,0.0495924223,0.0,1
Scenario1_33,3493.315578484114,9.6645597622,7082.6083847092,1006.4385867589,1472.1976987854,1472.1976987854,0.079,2631.652815499596,0.1117463174,0.8084508767686962,0
Scenario1_34,3573.918616513614,11.2829750809,4980.1214222979,713.5496306736,1611.5973243082,1611.5973243082,0.124,2631.6293385421827,0.0669342671,0.0,1
Scenario1_35,3494.602996426271,10.9802732234,4377.826810022,694.0439865693,1068.4987014432,1068.4987014432,0.086,2631.626624612448,0.0617540066,0.0,1
Scenario1_36,3602.6447468621423,8.8248262494,5329.7003556244,508.3331610691,919.0020414047,919.0020414047,0.143,2631.622328092808,0.0535529501,0.0,1
Scenario1_37,3518.1000679707286,11.6552998299,4946.8119724659,783.5971866468,1028.2049071738,1028.2049071738,0.093,2631.635405945891,0.0785155294,0.0,1
Scenario1_38,3667.5664678315575,10.0379994822,7028.1711887236,930.4399386838,1562.4910784033,1562.4910784033,0.098,2631.662690372834,0.1305951533,0.2180530637427623,0
Scenario1_39,3481.3768071761574,10.9180205944,7549.3264863511,525.1684271122,661.382342007,661.382342007,0.077,2631.6207718564438,0.0505824569,0.0,1
Scenario1_40,3615.061943097843,7.9802309976,6591.5819560562,800.6251888507,1222.1925062352,1222.1925062352,0.096,2631.6349780058545,0.0776986914,0.0,1
Scenario1_41,3525.1062343263716,16.4139284267,6865.3199570996,470.0528583014,635.6298647612,635.6298647612,0.142,2631.6519540045824,0.1101019239,0.0,1
Scenario1_42,3505.986145231857,17.3296921011,4466.1975633641,474.6304967187,694.5632335698,694.5632335698,0.089,2631.6549469228157,0.1158147085,0.0,1
Scenario1_43,3654.7347774545997,16.0605961944,5254.9401734706,757.6072998756,950.3768506646,950.3768506646,0.085,2631.6308268566463,0.0697751132,0.0,1
Scenario1_44,3515.6223609310573,8.542723602,5012.7311610398,446.9247612407,1683.2004640182,1683.2004640182,0.145,2631.6267429007853,0.0619797915,0.0,1
Scenario1_45,3501.468881462228,15.7594741952,4716.9873577145,1170.1830910827,593.2923695264,593.2923695264,0.108,2631.644033672428,0.0949838523,3.577584940129872,0
Scenario1_46,3495.4246933514,10.1769970615,7135.3300746437,1073.0856210876,1387.8319530383,1387.8319530383,0.081,2631.6270316707996,0.0625309863,3.4991151977454047,0
Scenario1_47,3629.1715305023426,17.2420051289,4081.7068414788,786.088641176,1580.6142928442,1580.6142928442,0.138,2631.628444028086,0.0652268478,0.0,1
Scenario1_48,3624.5252664043715,7.4584709847,5136.0521576487,912.9544010843,876.1432390251,876.1432390251,0.077,2631.634628817261,0.0770321716,0.2925834539122892,0
Scenario1_49,3547.6903421602,14.6555821299,7541.9963422426,977.4636791643,1407.1324907606,1407.1324907606,0.141,2631.649235739221,0.1049133876,0.290043935661111,0
Scenario1_50,3526.043823974714,7.1317923189,6372.7965261427,487.6881793401,1002.5220469319,1002.5220469319,0.092,2631.6177840771347,0.0448794812,0.0,1
Scenario1_51,3473.639511080771,17.4625679005,6598.1432403632,950.8893928935,1534.0304221231,1534.0304221231,0.112,2631.645510552565,0.0978028729,0.1611248354720045,0
Scenario1_52,3510.369689674471,7.8398854501,4539.3193442603,646.8454118083,1690.059745885,1690.059745885,0.095,2631.642020291982,0.0911407774,0.0,1
Scenario1_53,3553.1145618801997,11.5109999804,6480.3782125636,408.5420172451,733.1538786844,733.1538786844,0.073,2631.6328714973597,0.0736778567,0.0,1
Scenario1_54,3624.0289006839425,8.0474590264,5162.7381791302,633.6418960703,849.0786533457,849.0786533457,0.104,2631.630213230612,0.0686038439,0.0,1
Scenario1_55,3483.9389166784713,15.2803426619,4353.2435844175,789.2781356565,582.2852917498,582.2852917498,0.106,2631.620457136064,0.0499817289,0.0,1
Scenario1_56,3478.4500318158425,8.8958845883,5504.3058913503,497.1106786855,1348.9401790924,1348.9401790924,0.102,2631.6188314099854,0.046878596,0.0,1
Scenario1_57,3643.6446363432997,10.4228717675,7579.9578279694,684.8282616075,1548.4509428722,1548.4509428722,0.098,2631.644999070308,0.0968265722,0.0,1
Scenario1_58,3637.975238824671,10.6804291115,5100.5710845269,1117.7393235373,1036.8446899489,1036.8446899489,0.08,2631.648531047112,0.1035682943,7.061950143002429,0
Scenario1_59,3666.9399300532855,9.4852636473,5542.9045536051,512.9618471907,1302.2246520637,1302.2246520637,0.129,2631.644265184978,0.0954257559,0.0,1
Scenario1_60,3500.2970534963997,14.1940658862,5230.1106808735,595.9063747881,1214.2468575376,1214.2468575376,0.121,2631.631565528115,0.0711850652,0.0,1
Scenario1_61,3579.0844179088713,7.050708429,4586.2790586706,708.2017959275,752.1627742557,752.1627742557,0.128,2631.622567920036,0.0540107245,0.0,1
Scenario1_62,3593.908467716571,7.2795543375,6513.9591173848,428.4949065526,1060.80576995,1060.80576995,0.107,2631.628342672521,0.0650333836,0.0,1
Scenario1_63,3506.6472182844286,7.9817671305,5308.176192461,777.6830163757,1415.8092919309,1415.8092919309,0.084,2631.663285975883,0.1317320209,0.5392113243949599,0
Scenario1_64,3600.858400551814,7.5294508421,5301.5239261783,1059.6004541389,629.5802646446,629.5802646446,0.076,2631.6560542816956,0.117928399,0.852086457499639,0
Scenario1_65,3564.0315691990572,8.8774054836,6731.9156021724,1083.1915241404,1196.2792467545,1196.2792467545,0.12,2631.6173185731623,0.0439909424,0.2600369308029138,0
Scenario1_66,3637.092189629486,8.9650654724,6254.7413599869,507.3306220246,1363.5762050915,1363.5762050915,0.133,2631.6239217766984,0.0565949219,0.0,1
Scenario1_67,3640.0704639574715,11.4579602147,7126.4319035125,414.2038240717,1620.9003266797,1620.9003266797,0.103,2631.6490538086086,0.1045661244,0.0,1
Scenario1_68,3681.0752824500146,9.3578281457,4273.5734885214,805.0458383711,1022.4638899825,1022.4638899825,0.092,2631.648754737733,0.1039952677,0.2547228816513094,0
Scenario1_69,3609.7455250566713,12.9795600446,5555.1677395555,1124.2786590455,663.1712054504,663.1712054504,0.093,2631.6286982382194,0.0657120758,0.4516372841373406,0
Scenario1_70,3550.4188897589142,10.8817170602,6059.3029381531,1154.3028174097,660.1330228547,660.1330228547,0.075,2631.6340975532034,0.0760181121,6.317581528808236,0
Scenario1_71,3477.818567630557,7.5010379847,5788.4785333239,425.3801721921,740.3432665841,740.3432665841,0.13,2631.661153000952,0.127660668,0.0,1
Scenario1_72,3576.7879268470856,14.6859027,6545.0343936578,415.9372751653,620.4449607217,620.4449607217,0.074,2631.6246434327345,0.0579723954,0.0,1
Scenario1_73,3502.374685208743,9.4589345331,4038.818392212,537.7411268812,676.089970084,676.089970084,0.098,2631.617070939295,0.043518267,0.0,1
Scenario1_74,3631.347133468543,17.6808060906,3998.8978166368,652.9772648157,575.7341098355,575.7341098355,0.099,2631.647062886572,0.1007659174,0.0,1
Scenario1_75,3504.248906488757,14.3832216655,5471.6608794208,651.9990741303,866.3234486516,866.3234486516,0.129,2631.631044742857,0.0701910073,0.0,1
Scenario1_76,3558.7856423227568,8.2172236249,4287.1694578675,737.5618189939,1076.6912136228,1076.6912136228,0.089,2631.6247644848686,0.0582034558,0.0,1
Scenario1_77,3658.3504269818145,9.5590186008,3970.7949917904,498.3049227749,1515.9578500115,1515.9578500115,0.085,2631.6311692762747,0.0704287126,0.0,1
Scenario1_78,3627.0610372929855,10.8518887661,6244.4795948088,688.2462155751,758.3991557189,758.3991557189,0.1,2631.635787056435,0.0792429807,0.0,1
Scenario1_79,3487.5564466539427,16.009387088,5175.5956599604,1104.7087874934,614.5132142576,614.5132142576,0.073,2631.6426892627687,0.092417687,0.4929629868381687,0
Scenario1_80,3632.8640017171997,11.7196209964,6850.3872940467,750.9431779609,933.9998653744,933.9998653744,0.078,2631.6264670593328,0.0614532744,0.0,1
Scenario1_81,3469.951155423157,11.5834367314,5204.3851918477,499.9401699209,1130.5909773325,1130.5909773325,0.086,2631.661264225096,0.127872969,0.0,1
Scenario1_82,3582.9115403355713,12.7492932805,4116.6030148492,1068.9460738128,856.4405306954,856.4405306954,0.085,2631.644769926012,0.0963891891,1.6527320476457723,0
Scenario1_83,3500.722716235657,9.1815300506,5518.0952485382,812.5994884296,788.9010087883,788.9010087883,0.083,2631.6467767531926,0.1002197553,0.0505176194298093,0
Scenario1_84,3552.7020038357573,11.9223092519,5004.3076390193,727.3345618961,735.7401028572,735.7401028572,0.1,2631.640922681479,0.0890456942,0.1023754735367372,0
Scenario1_85,3496.9677815032287,12.4314560599,6016.7901329251,438.1454707471,914.6659657974,914.6659657974,0.138,2631.627461098306,0.0633506635,0.0,1
Scenario1_86,3513.4480769879424,11.0978849603,7171.5958679792,687.2915152046,623.1003464666,623.1003464666,0.138,2631.658572811666,0.1227356868,0.0,1
Scenario1_87,3540.705380212814,16.6223013062,6959.6209347889,465.7933068278,992.5598900275,992.5598900275,0.084,2631.6336064264224,0.0750806653,0.0,1
Scenario1_88,3545.152979003114,14.5451676038,5389.0450028149,1039.6359565859,686.5552406208,686.5552406208,0.134,2631.6235754560366,0.0559338763,2.779291961029776,0
Scenario1_89,3641.3984975880144,14.3038423633,6463.1335196493,753.6461031484,1241.1758106454,1241.1758106454,0.142,2631.616844693208,0.0430864158,0.0,1
Scenario1_90,3587.306533254571,13.4974150496,6745.6705462391,772.0165937709,1428.9513665733,1428.9513665733,0.145,2631.641532612204,0.0902099101,0.3762879073959332,0
Scenario1_91,3475.5183663852,9.9436308412,5407.7904270552,860.9233154002,1698.1357506058,1698.1357506058,0.14,2631.6641236423307,0.1333309313,0.1628141500512916,0
Scenario1_92,3559.5494742054143,13.8081045024,4621.175821907,734.4433899726,941.1417301462,941.1417301462,0.094,2631.653892099004,0.1138012952,0.0,1
Scenario1_93,3616.0504506606426,8.6280731787,6797.7332863057,932.9495554604,595.9596596044,595.9596596044,0.115,2631.6405714685225,0.0883753104,0.5738842256910454,0
Scenario1_94,3503.121500577614,11.474022275,7196.4529094947,822.953370658,1251.6136097225,1251.6136097225,0.123,2631.6228274909813,0.054506185,0.0,1
Scenario1_95,3605.683810809985,7.3024273601,5045.610040403,414.0982854503,1138.8315825393,1138.8315825393,0.11,2631.6175531259696,0.0444386492,0.0,1
Scenario1_96,3546.5235668862283,7.154092331,6202.5807207443,722.1884793949,1591.0732305387,1591.0732305387,0.105,2631.64627014151,0.0992527515,0.1824513195102529,0
Scenario1_97,3562.3971129681,7.8719851598,4869.2632307869,667.8897738127,587.9421658591,587.9421658591,0.076,2631.617506272654,0.0443492171,0.0,1
Scenario1_98,3599.500478684914,10.9523708958,4669.7344678271,535.6479372659,793.7763932353,793.7763932353,0.121,2631.647932759839,0.1024263031,0.0,1
Scenario1_99,3510.0011692549856,11.2759054401,7445.8507785733,476.1362548162,1490.1262215614,1490.1262215614,0.108,2631.6476628702308,0.1019111466,0.0,1
Scenario1_100,3591.2697461944854,14.8685161396,7266.8743287684,860.2639440848,835.7964202847,835.7964202847,0.086,2631.6379649056325,0.0833999882,0.0,1
Scenario1_101,3619.702634730171,8.2302417192,7485.3330763783,772.9220576938,579.0691080464,579.0691080464,0.073,2631.6313981871263,0.0708656502,0.2302812908753154,0
Scenario1_102,3609.0237851169854,10.6205736115,5485.1840863947,609.5962925332,1466.7542424115,1466.7542424115,0.09,2631.6255970051707,0.0597925434,0.0,1
Scenario1_103,3677.152819094314,14.748123984,4750.7811743893,455.9418086759,1356.9193194693,1356.9193194693,0.077,2631.6434781768157,0.0939235404,0.0,1
Scenario1_104,3613.4880270287,17.955608363,4921.9938840561,878.9822655038,845.2170452379,845.2170452379,0.111,2631.65830158947,0.1222179868,0.3147935386736814,0
Scenario1_105,3625.3781969152856,8.5210949693,4412.3621380261,451.6405562071,1597.6309545733,1597.6309545733,0.127,2631.6446040816268,0.0960726307,0.0,1
Scenario1_106,3487.7910164439854,10.5280500404,4249.1590452859,803.4861303267,926.6441328944,926.6441328944,0.139,2631.636569239456,0.0807359862,0.0,1
Scenario1_107,3476.3269620542,13.9650335572,4179.2637078413,841.4386458663,1174.675297595,1174.675297595,0.144,2631.6330629515533,0.0740432982,0.0,1
Scenario1_108,3484.8451269144857,9.0748216889,4079.5672088814,472.8308073631,1625.4050568148,1625.4050568148,0.087,2631.6294236130225,0.0670966476,0.0,1
Scenario1_109,3521.006857715,8.1900454109,3960.5026540687,606.8999168974,1107.4197461957,1107.4197461957,0.113,2631.629227241799,0.0667218206,0.0,1
Scenario1_110,3651.9903495190856,16.9440114847,5148.2604287496,434.1114843142,1481.8710975791,1481.8710975791,0.078,2631.629744352224,0.0677088641,0.0,1
Scenario1_111,3676.4909633523284,11.9685977953,4101.5117805539,1163.0045558894,857.5019556999,857.5019556999,0.096,2631.636999686285,0.081557609,3.3716451973633976,0
Scenario1_112,3470.3775977722994,11.1359950457,4004.6755963849,567.2943374747,1110.3028029875,1110.3028029875,0.103,2631.643522236652,0.0940076403,0.0,1
Scenario1_113,3672.0733306710854,15.9612386203,4369.1364495838,678.0426861795,974.0811401814,974.0811401814,0.117,2631.639382915934,0.08610664,0.0,1
Scenario1_114,3610.620873984314,7.4506285346,5912.8726582108,1063.4494706072,1240.0155912813,1240.0155912813,0.085,2631.6224604427894,0.0538055754,2.774063073557304,0
Scenario1_115,3660.0664490029712,14.5589694147,7438.181864158,418.6471228081,804.8469365233,804.8469365233,0.086,2631.641267027549,0.0897029708,0.0,1
Scenario1_116,3674.7900101422424,10.5570628149,5714.4500562597,1101.8490909841,1554.0889844356,1554.0889844356,0.082,2631.623615600367,0.0560105025,3.038705399336896,0
Scenario1_117,3499.0723725353428,11.4201071972,5263.9620671079,440.8755337192,1102.486572446,1102.486572446,0.131,2631.646458703448,0.0996126723,0.0,1
Scenario1_118,3475.1058593678713,7.7628027708,6029.9728900951,746.7330495203,1173.7289771921,1173.7289771921,0.099,2631.6242944644646,0.0573062961,0.0,1
Scenario1_119,3478.7524864293855,8.7933036199,5211.8406595011,897.8322951462,1159.4284426759,1159.4284426759,0.097,2631.63374365149,0.075342596,0.6018701640403765,0
Scenario1_120,3635.9100415659,12.6568182442,4035.1164824408,1045.5741322569,1274.6889418795,1274.6889418795,0.101,2631.6254440458024,0.0595005795,0.0,1
Scenario1_121,3630.3750975614857,7.8929357191,4578.9323985785,448.7713602814,1374.658357604,1374.658357604,0.089,2631.6384936858053,0.0844093066,0.0,1
Scenario1_122,3666.085302321871,12.5154864019,6643.8680843642,875.873490939,824.2314084614,824.2314084614,0.096,2631.627894994877,0.0641788711,0.0,1
Scenario1_123,3504.5892931331996,8.9848340755,4640.2835996224,543.0677393621,606.3577694442,606.3577694442,0.111,2631.6262187587045,0.0609793262,0.0,1
Scenario1_124,3571.489314824414,7.3438592684,4842.3552812005,556.4638427517,1500.156447475,1500.156447475,0.129,2631.6231473772928,0.0551167736,0.0,1
Scenario1_125,3647.412472307214,17.1086899826,5690.7755947882,1042.209961912,1236.4325400317,1236.4325400317,0.085,2631.62996056573,0.0681215654,0.0,1
Scenario1_126,3604.807643357814,12.3832611219,4140.8158759803,478.0323397565,1369.7823389336,1369.7823389336,0.084,2631.6531074989293,0.1123036762,0.0,1
Scenario1_127,3489.3956997426712,10.4056866854,7287.5518833684,568.246381887,1149.0844216872,1149.0844216872,0.137,2631.619381939861,0.0479294295,0.0,1
Scenario1_128,3598.1199416741288,10.7612077283,6159.3510052582,519.9098345796,1084.858268645,1084.858268645,0.114,2631.619647845183,0.0484369809,0.0,1
Scenario1_129,3660.4802267146574,10.3108154382,5346.9782316393,972.7010182901,719.7728174279,719.7728174279,0.111,2631.6215216348915,0.0520136095,0.3813120813592951,0
Scenario1_130,3582.48053398,8.6482340964,4226.0604095931,587.8757224787,749.6232761761,749.6232761761,0.144,2631.623429354481,0.0556550025,0.0,1
Scenario1_131,3494.380407640157,15.8605603055,5500.7462023182,984.3915851328,820.9491215811,820.9491215811,0.105,2631.618240452618,0.0457505959,0.0,1
Scenario1_132,3607.9121466272854,13.5905123643,5760.8639385868,951.587547881,1343.5101434958,1343.5101434958,0.134,2631.640235475484,0.0877339779,0.0,1
Scenario1_133,3638.9934701760712,15.130305674,7005.855341536,480.2011147997,1419.4092657187,1419.4092657187,0.09,2631.6342997543,0.0764040669,0.0,1
Scenario1_134,3508.7453740468995,12.7574134889,5126.2749540458,403.2861320802,1393.7423519754,1393.7423519754,0.075,2631.646028689487,0.0987918757,0.0,1
Scenario1_135,3474.3144893937856,9.6383402466,5146.921588178,1016.8777286461,1056.8046221892,1056.8046221892,0.092,2631.653045926295,0.1121861484,0.277596374878131,0
Scenario1_136,3631.947501819071,11.6226534168,6274.9942275202,968.6998778269,1270.3746141831,1270.3746141831,0.116,2631.636050242114,0.079745341,0.0,1
Scenario1_137,3476.1824039321286,9.4101857154,4110.5855815711,915.9512073731,619.206941397,619.206941397,0.102,2631.6288479137233,0.0659977715,0.4939265044197575,0
Scenario1_138,3596.4280586922714,11.1815391839,5032.2699592427,1023.7297816039,1518.3532771426,1518.3532771426,0.137,2631.657040983943,0.1198117841,0.6836977040984588,0
Scenario1_139,3579.815164613314,7.0842953203,4163.731781175,579.8574714136,1572.2545894499,1572.2545894499,0.079,2631.6321435127893,0.0722883035,0.0,1
Scenario1_140,3496.9179549001424,10.152279712,7471.2430540717,1148.3455651188,1354.7092122618,1354.7092122618,0.136,2631.631759143671,0.0715546323,3.825963673097662,0
Scenario1_141,3492.801963565014,9.3235014136,5247.7785254032,1131.2195203866,654.1097001165,654.1097001165,0.089,2631.6397629579546,0.0868320518,3.293047596645736,0
Scenario1_142,3621.593231310743,10.2265757236,4340.5514040538,828.5692347898,1692.0713156367,1692.0713156367,0.12,2631.6261047437056,0.0607616981,0.0,1
Scenario1_143,3543.5478348538713,13.4057805593,6436.5370864587,509.3386401624,642.2001915363,642.2001915363,0.074,2631.62186500257,0.0526690186,0.0,1
Scenario1_144,3661.4464113605713,8.0178986221,6649.2915159222,1133.7567794718,626.8223542685,626.8223542685,0.083,2631.660899482355,0.1271767599,0.4556362884745411,0
Scenario1_145,3595.4729232375857,8.4809555574,6166.3122512096,496.050650773,1612.0346247715,1612.0346247715,0.09,2631.6505584666793,0.1074381666,0.0,1
Scenario1_146,3483.121213825943,7.6123546954,4293.2271130944,1048.2048405581,1651.7446057645,1651.7446057645,0.132,2631.6253000322845,0.0592256912,2.568404124534977,0
Scenario1_147,3645.4436989134997,7.5437268107,5038.601648555,482.8620503012,1032.040378114,1032.040378114,0.145,2631.626848126326,0.0621806426,0.0,1
Scenario1_148,3484.250548105843,13.2617053971,5294.4746468851,501.3657191754,602.9539173506,602.9539173506,0.084,2631.6331972290213,0.0742996027,0.0,1
Scenario1_149,3569.3113478965856,11.0859643931,4911.2971283734,629.7450942317,1095.8346767123,1095.8346767123,0.12,2631.6591209099943,0.1237818791,0.0,1
Scenario1_150,3549.0929082779717,9.1297061369,4460.6574167774,431.729304452,1335.2203958065,1335.2203958065,0.133,2631.647775774067,0.1021266538,0.0,1
Scenario1_151,3668.6160258667996,12.6005523495,4857.9513539214,531.8000896708,879.9954025569,879.9954025569,0.114,2631.6194516624705,0.0480625137,0.0,1
Scenario1_152,3523.922586237157,14.0963006672,6535.3732318318,711.2340334586,691.7990449231,691.7990449231,0.081,2631.6615685300653,0.1284538164,0.0,1
Scenario1_153,3515.1241731489285,15.3121072498,4729.3326286552,584.0437450117,1313.5839533246,1313.5839533246,0.125,2631.657168797028,0.1200557495,0.0,1
Scenario1_154,3497.690452849557,7.4205312979,5114.1512953499,506.1631624093,1151.719934159,1151.719934159,0.081,2631.6344354284433,0.0766630373,0.0,1
Scenario1_155,3672.485650289843,17.4426049473,4876.8858960597,432.285702053,1459.6930246167,1459.6930246167,0.114,2631.63508234755,0.0778978554,0.0,1
Scenario1_156,3628.9574313774715,13.7420858678,5089.7908953613,946.6859337737,1476.0139863565,1476.0139863565,0.088,2631.6228120847654,0.0544767782,0.0,1
Scenario1_157,3635.7458953994715,10.4511402838,4783.3050664808,485.9015350602,644.9556073058,644.9556073058,0.082,2631.634908638361,0.077566285,0.0,1
Scenario1_158,3585.733640700871,16.524104677,6896.5355757651,463.759686322,1552.9413987443,1552.9413987443,0.078,2631.630899610713,0.0699139838,0.0,1
Scenario1_159,3553.8322767547284,11.0650804491,5939.9676877873,456.7453519388,1521.2746716221,1521.2746716221,0.097,2631.6379544575584,0.0833800453,0.0,1
Scenario1_160,3567.408033133271,13.8583830903,6392.673832565,792.9564150159,611.2980493021,611.2980493021,0.091,2631.6389081483635,0.0852004192,0.1133917508784062,0
Scenario1_161,3583.858060883714,9.6165990455,4128.7598838122,528.6145654818,809.8719453179,809.8719453179,0.118,2631.6387681181645,0.0849331341,0.0,1
Scenario1_162,3471.8663137992285,9.7249784932,7417.400302545,640.0300485395,1453.6024588146,1453.6024588146,0.088,2631.6513401439224,0.1089302066,0.0,1
Scenario1_163,3503.930480294457,10.8290032007,4746.0039109203,723.8457920194,667.5874040124,667.5874040124,0.125,2631.6593952827966,0.1243055929,0.0115819758431685,0
Scenario1_164,3655.731530439,16.5009487596,4055.3523671025,1094.2795869861,1083.2872992952,1083.2872992952,0.097,2631.639655273802,0.0866265078,6.082204533312359,0
Scenario1_165,3608.2214868885426,17.7510917191,5188.1747102533,540.5154292623,1525.8546114344,1525.8546114344,0.112,2631.634226290997,0.0762638426,0.0,1
Scenario1_166,3508.9276797628854,16.8147952069,6824.2409852967,405.0258441058,652.2209724706,652.2209724706,0.135,2631.656643642565,0.1190533518,0.0,1
Scenario1_167,3471.2621057384854,10.9044550372,4443.7546223185,1074.6854638504,1247.2098424994,1247.2098424994,0.126,2631.6325264951815,0.0730193278,0.7501717186699912,0
Scenario1_168,3505.058612866557,17.0665918643,6883.0302977985,1029.7292072668,1190.0827881096,1190.0827881096,0.115,2631.65770577955,0.1210807242,0.6784277189994657,0
Scenario1_169,3520.252898303757,9.7675729469,4509.6442298999,970.8568252142,704.9983655804,704.9983655804,0.105,2631.637168379729,0.0818796056,0.1418422377722314,0
Scenario1_170,3623.105241339929,12.1330159001,4308.791243316,986.9174560067,1446.0818023885,1446.0818023885,0.139,2631.6481025605717,0.1027504132,0.3198996534517436,0
Scenario1_171,3472.3264488360714,10.6182642273,5194.2772466213,697.4204929482,1636.9807446004,1636.9807446004,0.079,2631.6445301936346,0.0959315957,0.0,1
Scenario1_172,3505.637823611357,15.77887893,6191.9353677585,809.0922227234,815.6942468971,815.6942468971,0.135,2631.645237387801,0.0972814649,0.0,1
Scenario1_173,3496.369567565314,12.8583145594,4879.6787747898,895.3036892199,890.6106310939,890.6106310939,0.119,2631.619980219918,0.0490714069,0.0,1
Scenario1_174,3486.551283068214,17.7822776554,5578.4399418081,504.4648612286,1155.1207494455,1155.1207494455,0.131,2631.6386441759423,0.0846965572,0.0,1
Scenario1_175,3495.2238881104,14.0460208024,5999.8550092892,443.2363234813,1164.6027787941,1164.6027787941,0.082,2631.640764138388,0.0887430724,0.0,1
Scenario1_176,3556.743189518171,9.4043691641,6416.860110521,1052.2637931178,1540.424858518,1540.424858518,0.108,2631.6573941856464,0.120485964,1.0054500148872862,0
Scenario1_177,3560.0887185113857,13.1606607484,5830.9461428275,908.5918841885,1231.8224660277,1231.8224660277,0.143,2631.6220935410574,0.0531052454,0.0,1
Scenario1_178,3634.3698418856284,16.9103404,5365.5257295917,729.0716435645,1045.1567654041,1045.1567654041,0.104,2631.663539819982,0.1322165503,0.0,1
Scenario1_179,3588.167179214757,11.1720605322,5613.6874375397,746.1377309823,643.2909142102,643.2909142102,0.135,2631.6410068613686,0.0892063741,0.0,1
Scenario1_180,3486.9074914169287,9.1142378611,4707.2116004305,828.2916233491,980.6061431772,980.6061431772,0.091,2631.6450826865553,0.0969861762,0.198437242151065,0
Scenario1_181,3482.265577505171,7.2519525869,5422.723695972,1114.5225586375,616.9750966098,616.9750966098,0.111,2631.646121122402,0.0989683087,2.7470541215666926,0
Scenario1_182,3614.548689245214,14.4063048911,7066.2284746481,550.1892147375,1471.4246386794,1471.4246386794,0.092,2631.628110249718,0.0645897425,0.0,1
Scenario1_183,3679.477091982186,8.5917185,4255.4650445338,838.6481965942,1303.4170742272,1303.4170742272,0.113,2631.6474655626125,0.1015345323,0.3273038975551727,0
Scenario1_184,3492.671233408414,12.8717009718,5277.260682005,452.3432542602,1484.4315880828,1484.4315880828,0.123,2631.644295411455,0.0954834512,0.0,1
Scenario1_185,3662.2838426491285,15.002483669,6313.4453825308,978.6088357766,1143.1314714372,1143.1314714372,0.094,2631.636869998314,0.0813100649,0.0,1
Scenario1_186,3488.4832539693853,8.8359728669,4828.7479362686,939.8220470244,1286.8120978861,1286.8120978861,0.095,2631.6289201782383,0.0661357077,0.0,1
Scenario1_187,3533.9301441628713,17.583302049,4505.9158065075,795.4264263406,1294.4088365202,1294.4088365202,0.091,2631.633668814254,0.0751997492,0.0,1
Scenario1_188,3535.992415449214,8.1234903862,4572.7319927458,562.298274852,672.5783717906,672.5783717906,0.096,2631.659925179544,0.1253170425,0.0,1
Scenario1_189,3541.064249746957,9.9787680955,5433.0196066713,493.2737740394,721.1217830185,721.1217830185,0.143,2631.621927452536,0.052788221,0.0,1
Scenario1_190,3497.8200016095143,9.909156491,6352.0409789704,1066.3759617616,887.0333317824,887.0333317824,0.142,2631.6544495724615,0.1148653824,3.1804394696464127,0
Scenario1_191,3654.3288965608567,16.8392994223,4187.9004626059,780.5344392776,773.3388191359,773.3388191359,0.087,2631.6630806209128,0.1313400461,0.0,1
Scenario1_192,3620.819838067443,11.215822767,4051.3263455423,1056.5043340637,681.8701702933,681.8701702933,0.092,2631.623837515106,0.0564340861,7.0601626931214,0
Scenario1_193,3577.5332058681856,9.061033438,4788.0612346058,1140.4965603899,577.2735320098,577.2735320098,0.093,2631.6601533518638,0.1257525704,2.7691285864848822,0
Scenario1_194,3480.973899411814,13.338982993,6131.7591263402,704.7579286909,1666.658774755,1666.658774755,0.127,2631.645418263509,0.0976267145,0.0,1
Scenario1_195,3522.555805862571,9.3517382988,7515.6359785,643.4812686437,1657.0313936866,1657.0313936866,0.095,2631.6377925056972,0.0830709168,0.0,1
Scenario1_196,3633.9351519052284,14.1602795641,4969.6670066126,412.6896627315,1113.7236637805,1113.7236637805,0.104,2631.6374394435184,0.0823970033,0.0,1
Scenario1_197,3502.6922631056286,10.0712173109,4952.6823348831,611.8117542909,937.3252478894,937.3252478894,0.133,2631.625072227653,0.0587908651,0.0,1
Scenario1_198,3572.4458086612713,13.6675175892,4490.0263244569,990.2004546389,776.8642918609,776.8642918609,0.144,2631.6470358565352,0.1007143233,0.0,1
Scenario1_199,3648.7027720857996,9.8981585739,6332.4545689641,674.9243562499,1053.565985923,1053.565985923,0.125,2631.63523678045,0.0781926319,0.0,1
Scenario1_200,3488.7283215433713,8.9470466935,6219.3209354932,445.3687598877,1659.4763081273,1659.4763081273,0.087,2631.643134861552,0.0932682314,0.0,1
Scenario1_201,3486.3605458254715,16.2206745469,4692.7877575514,618.1596479151,993.9993563091,993.9993563091,0.09,2631.6304165235815,0.0689918828,0.0,1
Scenario1_202,3620.2713722009426,9.5124612826,6120.0386628903,1032.2901677885,1633.3827439948,1633.3827439948,0.074,2631.6272304383847,0.0629103874,0.0396022813417162,0
Scenario1_203,3501.815187039971,8.4344346301,5799.0601946124,1109.1936570829,685.104535938,685.104535938,0.141,2631.6273002699677,0.0630436796,2.9701940990171134,0
Scenario1_204,3557.1705224835714,7.7154492337,4799.1559826021,919.0497743977,1382.0655538428,1382.0655538428,0.081,2631.617966020976,0.0452267697,0.0,1
Scenario1_205,3535.1775675685285,10.2155284444,5668.7306974147,982.1911792323,1166.3859586159,1166.3859586159,0.122,2631.6263003047243,0.0611349786,0.8612567243613112,0
Scenario1_206,3511.4298324738425,10.7134467,7204.1860085678,1082.7349455368,1433.9652297737,1433.9652297737,0.108,2631.6543920747495,0.1147556326,8.21725058878322,0
Scenario1_207,3556.2178013995426,10.0001265024,4364.5819323395,623.2015320363,1508.3378982228,1508.3378982228,0.096,2631.6244493421195,0.0576019216,0.0,1
Scenario1_208,3472.9683452168283,11.2380896758,4565.3963711031,407.8719252282,894.9445770147,894.9445770147,0.084,2631.6346820266867,0.077133736,0.0,1
Scenario1_209,3477.0555237506137,10.5876455418,6613.7066118702,1011.0133803701,1293.9923697758,1293.9923697758,0.094,2631.6534119164235,0.1128847384,0.203209808938696,0
Scenario1_210,3524.3049604771427,8.3831814805,6946.8587042472,443.5529731086,597.9604925493,597.9604925493,0.081,2631.6203765556074,0.0498279196,0.0,1
Scenario1_211,3485.5868823191427,9.828121855,4215.5848644266,502.6336722392,1400.1998578857,1400.1998578857,0.08,2631.650126721884,0.1066140663,0.0,1
Scenario1_212,3531.1317729849284,8.904405099,4680.1450423799,832.6355607026,1088.7374090539,1088.7374090539,0.075,2631.617850090943,0.0450054863,0.0,1
Scenario1_213,3508.2397925019,12.0308145189,7155.4549218697,759.3850509525,904.8814594063,904.8814594063,0.137,2631.629838550336,0.0678886664,0.0,1
Scenario1_214,3548.590196066543,8.5069759478,5237.1510889164,922.9634920052,1591.3327066853,1591.3327066853,0.11,2631.6323519181415,0.0726861008,0.0,1
Scenario1_215,3565.6494255842,13.4526738103,4526.4523172787,437.322077269,1616.4317863549,1616.4317863549,0.076,2631.6222542092464,0.0534119236,0.0,1
Scenario1_216,3545.545638173814,7.3475590016,4660.925676023,919.4991160228,862.8965058341,862.8965058341,0.097,2631.65020888277,0.1067708923,0.5900158877442481,0
Scenario1_217,3618.764593859814,12.2673323652,5885.8733899216,599.8052640208,1425.3386752983,1425.3386752983,0.109,2631.6399080350275,0.0871089702,0.0,1
Scenario1_218,3574.8670559146,12.5680798701,4173.7300392087,944.8449541434,914.8761255759,914.8761255759,0.073,2631.62330204249,0.0554119935,0.0,1
Scenario1_219,3492.2501646353426,9.2617787262,4601.4513242525,681.1345077156,589.1203051102,589.1203051102,0.126,2631.62499336695,0.0586403384,0.0,1
Scenario1_220,3678.8178216039,16.2806155628,3988.6084543284,847.7207256808,1584.2010000256,1584.2010000256,0.13,2631.6370995435973,0.0817482134,0.0,1
Scenario1_221,3503.435450793971,15.4587466396,4648.4984379882,1001.7027592535,908.5639188097,908.5639188097,0.08,2631.642122120147,0.0913351436,0.0,1
Scenario1_222,3482.0250583515854,10.2703470949,7057.936165114,885.5881230415,988.0660476428,988.0660476428,0.079,2631.6432612329554,0.093509445,0.1790177651559856,0
Scenario1_223,3538.9403114564852,13.8930269454,6686.0545069428,410.8717954079,970.0459160738,970.0459160738,0.107,2631.635486483058,0.0786692561,0.0,1
Scenario1_224,3480.2887162454285,11.6133797215,5054.7236157338,572.0042601167,796.2092450154,796.2092450154,0.093,2631.652479396208,0.1111047742,0.0,1
Scenario1_225,3499.7850376768997,7.1635754671,7232.4410726907,421.6728120878,666.7777312788,666.7777312788,0.129,2631.642997343369,0.0930057412,0.0,1
Scenario1_226,3565.043352680157,11.8683171074,7025.6533194212,1013.7682182716,1268.6753260497,1268.6753260497,0.088,2631.6190322559787,0.0472619643,1.2605314646716337,0
Scenario1_227,3651.0740993832287,8.702745595,7399.8900815666,545.6774159918,785.3462196172,785.3462196172,0.082,2631.632772389153,0.0734886822,0.0,1
Scenario1_228,3576.042870904014,7.6466863372,7104.0671571602,765.2424054426,1561.4492326508,1561.4492326508,0.134,2631.642777459236,0.0925860335,0.0,1
Scenario1_229,3511.9796348547284,13.6040493106,4932.5955288875,492.430578605,1328.2533294269,1328.2533294269,0.117,2631.637661413092,0.0828206916,0.0,1
Scenario1_230,3644.9645215835,14.0221060163,6573.5593587928,869.5432531235,1258.6282808972,1258.6282808972,0.078,2631.655813197221,0.1174682248,0.0673228916023894,0
Scenario1_231,3571.5304548739427,14.2694664527,4389.8953069321,464.7226757416,1207.7795880928,1207.7795880928,0.074,2631.6438482687313,0.0946299597,0.0,1
Scenario1_232,3470.7008765818714,13.3053268418,5325.3200335486,486.2465088102,1494.5962592253,1494.5962592253,0.138,2631.6422453380696,0.091570338,0.0,1
Scenario1_233,3473.8368747853283,11.3203958975,5525.8931701682,1121.6790733138,1120.3065500491,1120.3065500491,0.08,2631.6474150409263,0.1014380981,0.2911430329136186,0
Scenario1_234,3642.3016269381565,9.2001786275,4341.3556455305,1096.3832657985,591.6452981411,591.6452981411,0.075,2631.65488816748,0.1157025582,1.2647956865295618,0
Scenario1_235,3507.8607691287857,8.4266652316,4593.8190786617,647.3798106295,1458.8629266364,1458.8629266364,0.081,2631.6301498344706,0.0684828354,0.0639772366221267,0
Scenario1_236,3673.2301457435424,16.754652992,4067.5108654103,614.8359632984,715.6756931983,715.6756931983,0.094,2631.6417488408706,0.0906226403,0.0,1
Scenario1_237,3664.0051248077857,7.2378233235,5312.2127313417,816.9960382738,1047.1490666185,1047.1490666185,0.107,2631.663881189849,0.1328681459,0.4701127719914066,0
Scenario1_238,3653.417072956686,10.7261392266,4145.5802757066,1145.7279546472,757.677189871,757.677189871,0.094,2631.648350168996,0.1032230401,2.536237846431569,0
Scenario1_239,3561.4133373441996,7.7286203806,7289.5833662413,459.5604973701,963.4975246413,963.4975246413,0.13,2631.6507619253316,0.1078265219,0.0,1
Scenario1_240,3491.3043518248282,10.1325058145,7356.8456018431,762.4513331688,1629.990455588,1629.990455588,0.139,2631.6198601017836,0.0488421294,0.0,1
Scenario1_241,3575.3154461155427,9.8728415176,4927.2013135936,637.4623298786,1280.7848651128,1280.7848651128,0.113,2631.619243599576,0.0476653701,0.0,1
Scenario1_242,3590.3406673061427,15.6352675648,6989.473859058,488.9926916418,1181.3950596902,1181.3950596902,0.118,2631.6406667575466,0.088557195,0.0,1
Scenario1_243,3586.162380693943,17.2502229071,6492.2883293167,430.2810534346,712.0069178505,712.0069178505,0.103,2631.6579971226574,0.1216368305,0.0,1
Scenario1_244,3648.497085912643,13.0504113326,5439.4420374904,1119.9418335272,1645.8974627655,1645.8974627655,0.087,2631.6618038049915,0.1289029015,0.5890939516573529,0
Scenario1_245,3479.2874904646137,9.7082559871,6819.5809394171,472.6330302958,927.5608414057,927.5608414057,0.095,2631.6333635814212,0.0746171307,0.0,1
Scenario1_246,3617.3359155981284,15.2116030727,5072.8986906814,844.1105750511,1040.1147221629,1040.1147221629,0.082,2631.640385823356,0.088020957,0.0,1
Scenario1_247,3479.9076304883283,12.1967071119,5604.6349925285,511.6752220799,1441.9859960704,1441.9859960704,0.142,2631.618164867427,0.0456063213,0.0,1
Scenario1_248,3536.9033428339,15.5497881241,4852.5136478006,435.7724533053,1681.776952034,1681.776952034,0.136,2631.645707828483,0.0981794267,0.0,1
Scenario1_249,3529.2449414515286,16.7138938311,6094.9097818469,1088.5581883819,1283.2894693777,1283.2894693777,0.088,2631.6210022513733,0.0510222272,1.6562347040241152,0
Scenario1_250,3480.4900922710854,12.2906288393,4206.8448582079,692.3217006123,741.83922319,741.83922319,0.086,2631.6359116704857,0.07948084,0.0696174381369534,0
Scenario1_251,3551.605323946414,15.1688497533,7596.0768792536,890.607406576,609.0304554072,609.0304554072,0.083,2631.6480554615177,0.102660512,0.1000917205887977,0
Scenario1_252,3602.888904377143,16.1175531458,4158.9847233469,819.8038715487,1219.8107364028,1219.8107364028,0.128,2631.631830971637,0.0716917351,0.0,1
Scenario1_253,3534.9812052278426,18.0080515963,5281.0305510188,851.7706769615,632.3579495384,632.3579495384,0.099,2631.621276957553,0.0515465774,0.0,1
Scenario1_254,3485.332082651457,10.3334055049,5217.8323073555,866.0367496432,1403.6574965772,1403.6574965772,0.095,2631.636702528088,0.0809904031,0.1895609293022438,0
Scenario1_255,3528.3856432841426,16.3595666831,5964.5475065407,660.8990905344,647.7739410348,647.7739410348,0.088,2631.6373730388254,0.0822702522,0.0,1
Scenario1_256,3532.213224363471,8.0665004795,6773.8586066931,461.1230075668,1315.2546451524,1315.2546451524,0.089,2631.6382154478474,0.083878215,0.0,1
Scenario1_257,3626.2791294634567,11.008631267,5881.9640396062,834.371789767,981.7750588126,981.7750588126,0.076,2631.6537817794974,0.113590721,0.1636564791172026,0
Scenario1_258,3642.947841142028,7.7755205546,5921.8894156173,768.6393641837,1192.1107511835,1192.1107511835,0.079,2631.6339866667477,0.0758064556,0.1702522789621247,0
Scenario1_259,3669.335315130686,8.6929367797,4023.8236512091,796.9915681474,1578.7243833979,1578.7243833979,0.089,2631.618338296634,0.0459373573,0.0,1
Scenario1_260,3476.979298691457,11.7920872831,5444.7153817118,521.8793185226,1227.6656511605,1227.6656511605,0.083,2631.6516205581934,0.1094654523,0.0,1
Scenario1_261,3593.2503787515425,9.2290670842,5068.3243164036,739.9442852394,870.671884611,870.671884611,0.127,2631.662550129236,0.1303274608,0.5171002106965641,0
Scenario1_262,3493.6116017891713,10.4723212708,4477.5682793989,904.1338309201,1367.025360259,1367.025360259,0.082,2631.6257821762133,0.0601459918,0.0,1
Scenario1_263,3514.0132301263143,10.6499187332,4448.8104353094,701.0917131864,656.2059846592,656.2059846592,0.109,2631.649713085135,0.1058245299,0.0,1
Scenario1_264,3555.1280731212714,8.3313319699,5017.6964108431,624.0790773024,604.2554721553,604.2554721553,0.08,2631.639209394557,0.0857754281,0.0,1
Scenario1_265,3588.9615843849715,15.5979104337,4097.4944506191,515.2460114535,781.3450030459,781.3450030459,0.078,2631.649629622381,0.1056652189,0.0,1
Scenario1_266,3569.921761418214,12.9377890581,7358.8039494161,887.9054540391,583.9577831805,583.9577831805,0.116,2631.6240669433855,0.0568720113,0.0,1
Scenario1_267,3490.972373859,17.137866463,4429.9084721453,552.3994110158,957.821397805,957.821397805,0.106,2631.6242097872046,0.057144667,0.0,1
Scenario1_268,3566.806387195414,7.9260132596,5379.2465884876,1089.2626929446,1098.0031315174,1098.0031315174,0.118,2631.6364200608523,0.0804512389,0.5776911588474548,0
Scenario1_269,3533.176152932528,15.0544028141,5464.7170121421,657.3080684145,681.014856685,681.014856685,0.078,2631.618477777379,0.0462035936,0.0,1
Scenario1_270,3616.928517896414,14.4861392677,5706.3298406929,555.3603652682,585.9661616387,585.9661616387,0.093,2631.619754479095,0.0486405202,0.0,1
Scenario1_271,3677.683774405557,15.4395779088,4546.0351880228,936.6665894275,1017.7930804461,1017.7930804461,0.079,2631.61693236789,0.0432537664,0.0,1
Scenario1_272,3669.9900403673855,11.6968494075,4202.2058720081,901.1208722437,1307.0227377804,1307.0227377804,0.091,2631.6458071531747,0.0983690144,0.1652202989444638,0
Scenario1_273,3580.139014378257,15.9157839748,4397.4324270181,439.1891030892,673.8584941595,673.8584941595,0.132,2631.6209271338375,0.0508788453,0.0,1
Scenario1_274,3584.5028155162286,7.0171000638,6052.154435625,454.5696502837,1640.800692408,1640.800692408,0.09,2631.6326431344164,0.073241965,0.0,1
Scenario1_275,3589.567827430514,9.8054074248,4402.9013981393,626.8001457999,696.3397945931,696.3397945931,0.073,2631.6563546793172,0.1185017882,0.0,1
Scenario1_276,3483.7754158290854,11.8357170572,4672.266643068,1165.5403067816,817.8183763615,817.8183763615,0.096,2631.66225765243,0.1297691907,0.9135189319221214,0
Scenario1_277,3482.925275558471,8.7259863197,6674.8758007215,1060.7632619957,965.2032013231,965.2032013231,0.082,2631.641387515808,0.0899329548,0.3551845606583679,0
Scenario1_278,3612.6377717448568,11.356915354,5339.9446062322,869.3070509392,1205.6258480053,1205.6258480053,0.116,2631.6313477381896,0.0707693549,0.0,1
Scenario1_279,3500.836190679586,16.1847707446,4522.4503954817,873.6633835866,1664.6363614709,1664.6363614709,0.114,2631.6459784116732,0.0986959071,0.0,1
Scenario1_280,3549.8122985479,8.3111044993,4770.1176937583,575.9057524462,1126.1923987701,1126.1923987701,0.124,2631.6588265211963,0.1232199593,0.0,1
Scenario1_281,3656.6608630750425,12.4672926866,3982.7257964421,561.8291112735,885.2166800718,885.2166800718,0.127,2631.6322884058104,0.0725648706,0.0,1
Scenario1_282,3507.306362818557,13.2176427394,7508.0046181,588.7726869861,832.1325707098,832.1325707098,0.122,2631.6424382760015,0.0919386116,0.0,1
Scenario1_283,3478.0011393531286,9.0258548609,5775.9582337063,450.2326515008,844.3149723889,844.3149723889,0.12,2631.6362342067378,0.0800964866,0.0,1
Scenario1_284,3640.9151521777426,8.7546227967,4823.5318204552,957.5178054233,624.1994330912,624.1994330912,0.14,2631.6468592067104,0.1003771399,0.2276031639647739,0
Scenario1_285,3544.211514366257,17.375218889,4901.0331141112,1037.3406244693,1392.2624134365,1392.2624134365,0.087,2631.6512200706716,0.1087010147,0.3740427000851749,0
Scenario1_286,3519.8053298517852,17.6297639851,5167.0747685167,927.1008543688,1500.704709265,1500.704709265,0.092,2631.6229771747785,0.0547918966,0.0,1
Scenario1_287,3597.405288935043,9.5714384612,4629.955491225,1035.6143332426,1569.1486689361,1569.1486689361,0.131,2631.627589899092,0.0635965142,0.1323990495777691,0
Scenario1_288,3499.4007992214715,7.5894121142,5399.1277789628,998.7816908056,600.5447434165,600.5447434165,0.101,2631.639939037044,0.0871681458,0.3334873039120886,0
Scenario1_289,3606.9181477023144,7.9336806038,4421.7043678709,670.4821886801,612.830709129,612.830709129,0.075,2631.624796632334,0.0582648178,0.0,1
Scenario1_290,3611.3443980590428,12.1041168993,4894.359864764,417.5416071072,946.7369297721,946.7369297721,0.094,2631.660554789359,0.1265188212,0.0,1
Scenario1_291,3518.759614711186,11.3962135198,4702.4874382328,994.2298346826,1324.3200409033,1324.3200409033,0.074,2631.629133016213,0.0665419659,0.3699189909719124,0
Scenario1_292,3527.9792839303286,10.4956210933,4984.8756348471,905.8995210919,1606.9071569169,1606.9071569169,0.096,2631.6394436075525,0.0862224862,0.1962049541970941,0
Scenario1_293,3671.0276532030716,7.5800982032,5847.97639857,662.638001623,1072.2634143102,1072.2634143102,0.094,2631.6429422164597,0.0929005167,0.2387179634525047,0
Scenario1_294,3510.8509918234427,8.3505571494,5487.0592836128,426.0579167239,766.0987488485,766.0987488485,0.09,2631.6333470886834,0.0745856499,0.0,1
Scenario1_295,3506.9935371134857,13.0865511238,6920.7136877677,1161.8975241286,999.6866319307,999.6866319307,0.083,2631.652082370031,0.1103469436,7.54963525886549,0
Scenario1_296,3594.3982867895284,10.1037840578,5363.1332573378,1099.2967530555,1674.0428848288,1674.0428848288,0.109,2631.6319151360653,0.0718523855,2.569002866018084,0
Scenario1_297,3680.7624921867714,9.4367879938,6297.157649749,592.4737694691,767.6996485331,767.6996485331,0.074,2631.6553725130357,0.1166270612,0.0,1
Scenario1_298,3649.6824996092573,16.5586283077,4995.8341673483,1112.2156509612,679.5496928324,679.5496928324,0.116,2631.64012308659,0.0875194536,0.1510199303919358,0
Scenario1_299,3540.0096851687713,10.8005292181,4327.4184353812,1129.8770895666,1137.3493513542,1137.3493513542,0.076,2631.64662988322,0.0999394147,1.4205618787860417,0
Scenario1_300,3601.890328659843,17.5353560493,6756.2587829064,1151.9307929031,800.051495901,800.051495901,0.091,2631.647294834933,0.1012086528,6.433795176565186,0
