mean_fit_time,std_fit_time,mean_score_time,std_score_time,param_class_weight,param_criterion,param_max_depth,param_min_samples_leaf,param_min_samples_split,param_random_state,params,split0_test_score,split1_test_score,mean_test_score,std_test_score,rank_test_score,split0_train_score,split1_train_score,mean_train_score,std_train_score
0.007577061653137207,0.0030030012130737305,0.007884383201599121,0.004323601722717285,balanced,gini,2,1,2,42,"{'class_weight': 'balanced', 'criterion': 'gini', 'max_depth': 2, 'min_samples_leaf': 1, 'min_samples_split': 2, 'random_state': 42}",0.2,1.0,0.6,0.4,1,1.0,1.0,1.0,0.0
0.006417632102966309,0.0027190446853637695,0.004305243492126465,0.00027811527252197266,balanced,gini,2,1,5,42,"{'class_weight': 'balanced', 'criterion': 'gini', 'max_depth': 2, 'min_samples_leaf': 1, 'min_samples_split': 5, 'random_state': 42}",0.2,1.0,0.6,0.4,1,1.0,1.0,1.0,0.0
0.0039014816284179688,0.0003230571746826172,0.0022478103637695312,0.0007226467132568359,balanced,gini,2,1,10,42,"{'class_weight': 'balanced', 'criterion': 'gini', 'max_depth': 2, 'min_samples_leaf': 1, 'min_samples_split': 10, 'random_state': 42}",0.5,0.5,0.5,0.0,21,0.5,0.5,0.5,0.0
0.007068634033203125,0.0015134811401367188,0.005780458450317383,0.0037720203399658203,balanced,gini,2,2,2,42,"{'class_weight': 'balanced', 'criterion': 'gini', 'max_depth': 2, 'min_samples_leaf': 2, 'min_samples_split': 2, 'random_state': 42}",0.1,0.875,0.4875,0.3875,101,0.875,0.9,0.8875,0.012500000000000011
0.0037888288497924805,0.00020396709442138672,0.00226438045501709,0.0007385015487670898,balanced,gini,2,2,5,42,"{'class_weight': 'balanced', 'criterion': 'gini', 'max_depth': 2, 'min_samples_leaf': 2, 'min_samples_split': 5, 'random_state': 42}",0.1,0.875,0.4875,0.3875,101,0.875,0.9,0.8875,0.012500000000000011
0.005895256996154785,0.0031548738479614258,0.0041446685791015625,0.0031516551971435547,balanced,gini,2,2,10,42,"{'class_weight': 'balanced', 'criterion': 'gini', 'max_depth': 2, 'min_samples_leaf': 2, 'min_samples_split': 10, 'random_state': 42}",0.5,0.5,0.5,0.0,21,0.5,0.5,0.5,0.0
0.00908517837524414,7.62939453125e-05,0.006561636924743652,0.001007676124572754,balanced,gini,2,5,2,42,"{'class_weight': 'balanced', 'criterion': 'gini', 'max_depth': 2, 'min_samples_leaf': 5, 'min_samples_split': 2, 'random_state': 42}",0.5,0.5,0.5,0.0,21,0.5,0.5,0.5,0.0
0.008338570594787598,0.00019562244415283203,0.01096963882446289,0.0063860416412353516,balanced,gini,2,5,5,42,"{'class_weight': 'balanced', 'criterion': 'gini', 'max_depth': 2, 'min_samples_leaf': 5, 'min_samples_split': 5, 'random_state': 42}",0.5,0.5,0.5,0.0,21,0.5,0.5,0.5,0.0
0.011633872985839844,0.0009758472442626953,0.009677886962890625,0.0005447864532470703,balanced,gini,2,5,10,42,"{'class_weight': 'balanced', 'criterion': 'gini', 'max_depth': 2, 'min_samples_leaf': 5, 'min_samples_split': 10, 'random_state': 42}",0.5,0.5,0.5,0.0,21,0.5,0.5,0.5,0.0
0.008909821510314941,0.0008071660995483398,0.006587028503417969,0.0020294189453125,balanced,gini,2,10,2,42,"{'class_weight': 'balanced', 'criterion': 'gini', 'max_depth': 2, 'min_samples_leaf': 10, 'min_samples_split': 2, 'random_state': 42}",0.5,0.5,0.5,0.0,21,0.5,0.5,0.5,0.0
0.007856369018554688,0.0012841224670410156,0.006577253341674805,8.821487426757812e-06,balanced,gini,2,10,5,42,"{'class_weight': 'balanced', 'criterion': 'gini', 'max_depth': 2, 'min_samples_leaf': 10, 'min_samples_split': 5, 'random_state': 42}",0.5,0.5,0.5,0.0,21,0.5,0.5,0.5,0.0
0.006072282791137695,0.0030744075775146484,0.011462211608886719,0.006885528564453125,balanced,gini,2,10,10,42,"{'class_weight': 'balanced', 'criterion': 'gini', 'max_depth': 2, 'min_samples_leaf': 10, 'min_samples_split': 10, 'random_state': 42}",0.5,0.5,0.5,0.0,21,0.5,0.5,0.5,0.0
0.006380200386047363,0.003811955451965332,0.003281116485595703,0.0012869834899902344,balanced,gini,3,1,2,42,"{'class_weight': 'balanced', 'criterion': 'gini', 'max_depth': 3, 'min_samples_leaf': 1, 'min_samples_split': 2, 'random_state': 42}",0.2,1.0,0.6,0.4,1,1.0,1.0,1.0,0.0
0.008395195007324219,0.004820585250854492,0.0028138160705566406,0.0017762184143066406,balanced,gini,3,1,5,42,"{'class_weight': 'balanced', 'criterion': 'gini', 'max_depth': 3, 'min_samples_leaf': 1, 'min_samples_split': 5, 'random_state': 42}",0.2,1.0,0.6,0.4,1,1.0,1.0,1.0,0.0
0.006566166877746582,0.003990292549133301,0.004792571067810059,0.002804875373840332,balanced,gini,3,1,10,42,"{'class_weight': 'balanced', 'criterion': 'gini', 'max_depth': 3, 'min_samples_leaf': 1, 'min_samples_split': 10, 'random_state': 42}",0.5,0.5,0.5,0.0,21,0.5,0.5,0.5,0.0
0.009113907814025879,0.002516627311706543,0.0042678117752075195,0.001267552375793457,balanced,gini,3,2,2,42,"{'class_weight': 'balanced', 'criterion': 'gini', 'max_depth': 3, 'min_samples_leaf': 2, 'min_samples_split': 2, 'random_state': 42}",0.1,0.875,0.4875,0.3875,101,0.875,0.9,0.8875,0.012500000000000011
0.007954120635986328,0.0013880729675292969,0.006581544876098633,0.0009818077087402344,balanced,gini,3,2,5,42,"{'class_weight': 'balanced', 'criterion': 'gini', 'max_depth': 3, 'min_samples_leaf': 2, 'min_samples_split': 5, 'random_state': 42}",0.1,0.875,0.4875,0.3875,101,0.875,0.9,0.8875,0.012500000000000011
0.003577709197998047,1.0013580322265625e-05,0.0027681589126586914,0.0007938146591186523,balanced,gini,3,2,10,42,"{'class_weight': 'balanced', 'criterion': 'gini', 'max_depth': 3, 'min_samples_leaf': 2, 'min_samples_split': 10, 'random_state': 42}",0.5,0.5,0.5,0.0,21,0.5,0.5,0.5,0.0
0.006109476089477539,0.003077983856201172,0.0043451786041259766,0.0017237663269042969,balanced,gini,3,5,2,42,"{'class_weight': 'balanced', 'criterion': 'gini', 'max_depth': 3, 'min_samples_leaf': 5, 'min_samples_split': 2, 'random_state': 42}",0.5,0.5,0.5,0.0,21,0.5,0.5,0.5,0.0
0.007321476936340332,0.0003598928451538086,0.005787968635559082,0.0011736154556274414,balanced,gini,3,5,5,42,"{'class_weight': 'balanced', 'criterion': 'gini', 'max_depth': 3, 'min_samples_leaf': 5, 'min_samples_split': 5, 'random_state': 42}",0.5,0.5,0.5,0.0,21,0.5,0.5,0.5,0.0
0.0068242549896240234,0.0007944107055664062,0.010122179985046387,0.0004979372024536133,balanced,gini,3,5,10,42,"{'class_weight': 'balanced', 'criterion': 'gini', 'max_depth': 3, 'min_samples_leaf': 5, 'min_samples_split': 10, 'random_state': 42}",0.5,0.5,0.5,0.0,21,0.5,0.5,0.5,0.0
0.004807949066162109,0.0017795562744140625,0.00401914119720459,0.00201261043548584,balanced,gini,3,10,2,42,"{'class_weight': 'balanced', 'criterion': 'gini', 'max_depth': 3, 'min_samples_leaf': 10, 'min_samples_split': 2, 'random_state': 42}",0.5,0.5,0.5,0.0,21,0.5,0.5,0.5,0.0
0.005274415016174316,0.0022982358932495117,0.00334012508392334,0.0023092031478881836,balanced,gini,3,10,5,42,"{'class_weight': 'balanced', 'criterion': 'gini', 'max_depth': 3, 'min_samples_leaf': 10, 'min_samples_split': 5, 'random_state': 42}",0.5,0.5,0.5,0.0,21,0.5,0.5,0.5,0.0
0.002292037010192871,0.00028955936431884766,0.002098560333251953,0.00048232078552246094,balanced,gini,3,10,10,42,"{'class_weight': 'balanced', 'criterion': 'gini', 'max_depth': 3, 'min_samples_leaf': 10, 'min_samples_split': 10, 'random_state': 42}",0.5,0.5,0.5,0.0,21,0.5,0.5,0.5,0.0
0.002452254295349121,0.0004502534866333008,0.00151824951171875,0.0004799365997314453,balanced,gini,4,1,2,42,"{'class_weight': 'balanced', 'criterion': 'gini', 'max_depth': 4, 'min_samples_leaf': 1, 'min_samples_split': 2, 'random_state': 42}",0.2,1.0,0.6,0.4,1,1.0,1.0,1.0,0.0
0.0030341148376464844,4.76837158203125e-07,0.0014996528625488281,0.0004975795745849609,balanced,gini,4,1,5,42,"{'class_weight': 'balanced', 'criterion': 'gini', 'max_depth': 4, 'min_samples_leaf': 1, 'min_samples_split': 5, 'random_state': 42}",0.2,1.0,0.6,0.4,1,1.0,1.0,1.0,0.0
0.0030508041381835938,0.0005006790161132812,0.0015118122100830078,0.00048613548278808594,balanced,gini,4,1,10,42,"{'class_weight': 'balanced', 'criterion': 'gini', 'max_depth': 4, 'min_samples_leaf': 1, 'min_samples_split': 10, 'random_state': 42}",0.5,0.5,0.5,0.0,21,0.5,0.5,0.5,0.0
0.0025447607040405273,1.2993812561035156e-05,0.0015131235122680664,0.00048410892486572266,balanced,gini,4,2,2,42,"{'class_weight': 'balanced', 'criterion': 'gini', 'max_depth': 4, 'min_samples_leaf': 2, 'min_samples_split': 2, 'random_state': 42}",0.1,0.875,0.4875,0.3875,101,0.875,0.9,0.8875,0.012500000000000011
0.003083944320678711,0.00047016143798828125,0.0009707212448120117,2.753734588623047e-05,balanced,gini,4,2,5,42,"{'class_weight': 'balanced', 'criterion': 'gini', 'max_depth': 4, 'min_samples_leaf': 2, 'min_samples_split': 5, 'random_state': 42}",0.1,0.875,0.4875,0.3875,101,0.875,0.9,0.8875,0.012500000000000011
0.004001140594482422,0.0010006427764892578,0.0017944574356079102,0.00020396709442138672,balanced,gini,4,2,10,42,"{'class_weight': 'balanced', 'criterion': 'gini', 'max_depth': 4, 'min_samples_leaf': 2, 'min_samples_split': 10, 'random_state': 42}",0.5,0.5,0.5,0.0,21,0.5,0.5,0.5,0.0
0.002007007598876953,2.574920654296875e-05,0.002014636993408203,1.5020370483398438e-05,balanced,gini,4,5,2,42,"{'class_weight': 'balanced', 'criterion': 'gini', 'max_depth': 4, 'min_samples_leaf': 5, 'min_samples_split': 2, 'random_state': 42}",0.5,0.5,0.5,0.0,21,0.5,0.5,0.5,0.0
0.0028012990951538086,0.00022518634796142578,0.0015294551849365234,0.0005114078521728516,balanced,gini,4,5,5,42,"{'class_weight': 'balanced', 'criterion': 'gini', 'max_depth': 4, 'min_samples_leaf': 5, 'min_samples_split': 5, 'random_state': 42}",0.5,0.5,0.5,0.0,21,0.5,0.5,0.5,0.0
0.002740144729614258,0.0004203319549560547,0.0017974376678466797,0.0007545948028564453,balanced,gini,4,5,10,42,"{'class_weight': 'balanced', 'criterion': 'gini', 'max_depth': 4, 'min_samples_leaf': 5, 'min_samples_split': 10, 'random_state': 42}",0.5,0.5,0.5,0.0,21,0.5,0.5,0.5,0.0
0.002682805061340332,0.0001462697982788086,0.001968979835510254,8.14199447631836e-05,balanced,gini,4,10,2,42,"{'class_weight': 'balanced', 'criterion': 'gini', 'max_depth': 4, 'min_samples_leaf': 10, 'min_samples_split': 2, 'random_state': 42}",0.5,0.5,0.5,0.0,21,0.5,0.5,0.5,0.0
0.0025979280471801758,1.0728836059570312e-06,0.0018053054809570312,0.0001971721649169922,balanced,gini,4,10,5,42,"{'class_weight': 'balanced', 'criterion': 'gini', 'max_depth': 4, 'min_samples_leaf': 10, 'min_samples_split': 5, 'random_state': 42}",0.5,0.5,0.5,0.0,21,0.5,0.5,0.5,0.0
0.0037914514541625977,0.0012511014938354492,0.0018285512924194336,0.0002104043960571289,balanced,gini,4,10,10,42,"{'class_weight': 'balanced', 'criterion': 'gini', 'max_depth': 4, 'min_samples_leaf': 10, 'min_samples_split': 10, 'random_state': 42}",0.5,0.5,0.5,0.0,21,0.5,0.5,0.5,0.0
0.002801656723022461,0.00023031234741210938,0.001004934310913086,1.0728836059570312e-05,balanced,gini,5,1,2,42,"{'class_weight': 'balanced', 'criterion': 'gini', 'max_depth': 5, 'min_samples_leaf': 1, 'min_samples_split': 2, 'random_state': 42}",0.2,1.0,0.6,0.4,1,1.0,1.0,1.0,0.0
0.002703547477722168,0.00012624263763427734,0.001797795295715332,0.0002053976058959961,balanced,gini,5,1,5,42,"{'class_weight': 'balanced', 'criterion': 'gini', 'max_depth': 5, 'min_samples_leaf': 1, 'min_samples_split': 5, 'random_state': 42}",0.2,1.0,0.6,0.4,1,1.0,1.0,1.0,0.0
0.0026221275329589844,0.00041365623474121094,0.0015411376953125,0.0005393028259277344,balanced,gini,5,1,10,42,"{'class_weight': 'balanced', 'criterion': 'gini', 'max_depth': 5, 'min_samples_leaf': 1, 'min_samples_split': 10, 'random_state': 42}",0.5,0.5,0.5,0.0,21,0.5,0.5,0.5,0.0
0.002522706985473633,0.0005235671997070312,0.0015001296997070312,0.0005004405975341797,balanced,gini,5,2,2,42,"{'class_weight': 'balanced', 'criterion': 'gini', 'max_depth': 5, 'min_samples_leaf': 2, 'min_samples_split': 2, 'random_state': 42}",0.1,0.875,0.4875,0.3875,101,0.875,0.9,0.8875,0.012500000000000011
0.002285599708557129,0.00030028820037841797,0.0017899274826049805,0.0007938146591186523,balanced,gini,5,2,5,42,"{'class_weight': 'balanced', 'criterion': 'gini', 'max_depth': 5, 'min_samples_leaf': 2, 'min_samples_split': 5, 'random_state': 42}",0.1,0.875,0.4875,0.3875,101,0.875,0.9,0.8875,0.012500000000000011
0.003072381019592285,7.092952728271484e-05,0.0009857416152954102,1.823902130126953e-05,balanced,gini,5,2,10,42,"{'class_weight': 'balanced', 'criterion': 'gini', 'max_depth': 5, 'min_samples_leaf': 2, 'min_samples_split': 10, 'random_state': 42}",0.5,0.5,0.5,0.0,21,0.5,0.5,0.5,0.0
0.0017819404602050781,0.00024890899658203125,0.0010170936584472656,1.9550323486328125e-05,balanced,gini,5,5,2,42,"{'class_weight': 'balanced', 'criterion': 'gini', 'max_depth': 5, 'min_samples_leaf': 5, 'min_samples_split': 2, 'random_state': 42}",0.5,0.5,0.5,0.0,21,0.5,0.5,0.5,0.0
0.0022873878479003906,0.00028228759765625,0.001778721809387207,0.00021922588348388672,balanced,gini,5,5,5,42,"{'class_weight': 'balanced', 'criterion': 'gini', 'max_depth': 5, 'min_samples_leaf': 5, 'min_samples_split': 5, 'random_state': 42}",0.5,0.5,0.5,0.0,21,0.5,0.5,0.5,0.0
0.002283453941345215,0.00025022029876708984,0.0015186071395874023,0.0005196332931518555,balanced,gini,5,5,10,42,"{'class_weight': 'balanced', 'criterion': 'gini', 'max_depth': 5, 'min_samples_leaf': 5, 'min_samples_split': 10, 'random_state': 42}",0.5,0.5,0.5,0.0,21,0.5,0.5,0.5,0.0
0.002301454544067383,0.0002682209014892578,0.001499772071838379,0.0004998445510864258,balanced,gini,5,10,2,42,"{'class_weight': 'balanced', 'criterion': 'gini', 'max_depth': 5, 'min_samples_leaf': 10, 'min_samples_split': 2, 'random_state': 42}",0.5,0.5,0.5,0.0,21,0.5,0.5,0.5,0.0
0.006944775581359863,0.00012004375457763672,0.0048673152923583984,0.0007319450378417969,balanced,gini,5,10,5,42,"{'class_weight': 'balanced', 'criterion': 'gini', 'max_depth': 5, 'min_samples_leaf': 10, 'min_samples_split': 5, 'random_state': 42}",0.5,0.5,0.5,0.0,21,0.5,0.5,0.5,0.0
0.002278923988342285,0.00027930736541748047,0.0011544227600097656,0.00011920928955078125,balanced,gini,5,10,10,42,"{'class_weight': 'balanced', 'criterion': 'gini', 'max_depth': 5, 'min_samples_leaf': 10, 'min_samples_split': 10, 'random_state': 42}",0.5,0.5,0.5,0.0,21,0.5,0.5,0.5,0.0
0.002295970916748047,0.0002639293670654297,0.001801133155822754,0.0001977682113647461,balanced,gini,,1,2,42,"{'class_weight': 'balanced', 'criterion': 'gini', 'max_depth': None, 'min_samples_leaf': 1, 'min_samples_split': 2, 'random_state': 42}",0.2,1.0,0.6,0.4,1,1.0,1.0,1.0,0.0
0.0028040409088134766,0.0002295970916748047,0.0010137557983398438,1.5735626220703125e-05,balanced,gini,,1,5,42,"{'class_weight': 'balanced', 'criterion': 'gini', 'max_depth': None, 'min_samples_leaf': 1, 'min_samples_split': 5, 'random_state': 42}",0.2,1.0,0.6,0.4,1,1.0,1.0,1.0,0.0
0.0017840862274169922,0.0002143383026123047,0.0017821788787841797,0.0002498626708984375,balanced,gini,,1,10,42,"{'class_weight': 'balanced', 'criterion': 'gini', 'max_depth': None, 'min_samples_leaf': 1, 'min_samples_split': 10, 'random_state': 42}",0.5,0.5,0.5,0.0,21,0.5,0.5,0.5,0.0
0.002286076545715332,0.0007163286209106445,0.0018535852432250977,0.00017845630645751953,balanced,gini,,2,2,42,"{'class_weight': 'balanced', 'criterion': 'gini', 'max_depth': None, 'min_samples_leaf': 2, 'min_samples_split': 2, 'random_state': 42}",0.1,0.875,0.4875,0.3875,101,0.875,0.9,0.8875,0.012500000000000011
0.0021622180938720703,0.00013208389282226562,0.0019707679748535156,3.0279159545898438e-05,balanced,gini,,2,5,42,"{'class_weight': 'balanced', 'criterion': 'gini', 'max_depth': None, 'min_samples_leaf': 2, 'min_samples_split': 5, 'random_state': 42}",0.1,0.875,0.4875,0.3875,101,0.875,0.9,0.8875,0.012500000000000011
0.0019702911376953125,2.9802322387695312e-05,0.0015143156051635742,0.000517725944519043,balanced,gini,,2,10,42,"{'class_weight': 'balanced', 'criterion': 'gini', 'max_depth': None, 'min_samples_leaf': 2, 'min_samples_split': 10, 'random_state': 42}",0.5,0.5,0.5,0.0,21,0.5,0.5,0.5,0.0
0.0020972490310668945,0.00038182735443115234,0.0013164281845092773,0.0003241300582885742,balanced,gini,,5,2,42,"{'class_weight': 'balanced', 'criterion': 'gini', 'max_depth': None, 'min_samples_leaf': 5, 'min_samples_split': 2, 'random_state': 42}",0.5,0.5,0.5,0.0,21,0.5,0.5,0.5,0.0
0.0021467208862304688,0.00043129920959472656,0.0013033151626586914,0.00033724308013916016,balanced,gini,,5,5,42,"{'class_weight': 'balanced', 'criterion': 'gini', 'max_depth': None, 'min_samples_leaf': 5, 'min_samples_split': 5, 'random_state': 42}",0.5,0.5,0.5,0.0,21,0.5,0.5,0.5,0.0
0.001515507698059082,0.0005155801773071289,0.0032995939254760742,0.0006979703903198242,balanced,gini,,5,10,42,"{'class_weight': 'balanced', 'criterion': 'gini', 'max_depth': None, 'min_samples_leaf': 5, 'min_samples_split': 10, 'random_state': 42}",0.5,0.5,0.5,0.0,21,0.5,0.5,0.5,0.0
0.002026200294494629,2.658367156982422e-05,0.0015174150466918945,0.0005136728286743164,balanced,gini,,10,2,42,"{'class_weight': 'balanced', 'criterion': 'gini', 'max_depth': None, 'min_samples_leaf': 10, 'min_samples_split': 2, 'random_state': 42}",0.5,0.5,0.5,0.0,21,0.5,0.5,0.5,0.0
0.0027773380279541016,0.00022482872009277344,0.002012014389038086,1.1205673217773438e-05,balanced,gini,,10,5,42,"{'class_weight': 'balanced', 'criterion': 'gini', 'max_depth': None, 'min_samples_leaf': 10, 'min_samples_split': 5, 'random_state': 42}",0.5,0.5,0.5,0.0,21,0.5,0.5,0.5,0.0
0.0020269155502319336,2.3484230041503906e-05,0.0017600059509277344,0.00023818016052246094,balanced,gini,,10,10,42,"{'class_weight': 'balanced', 'criterion': 'gini', 'max_depth': None, 'min_samples_leaf': 10, 'min_samples_split': 10, 'random_state': 42}",0.5,0.5,0.5,0.0,21,0.5,0.5,0.5,0.0
0.0026950836181640625,0.0006918907165527344,0.0015445947647094727,9.894371032714844e-06,balanced,entropy,2,1,2,42,"{'class_weight': 'balanced', 'criterion': 'entropy', 'max_depth': 2, 'min_samples_leaf': 1, 'min_samples_split': 2, 'random_state': 42}",0.2,1.0,0.6,0.4,1,1.0,1.0,1.0,0.0
0.002216935157775879,0.0001767873764038086,0.0012669563293457031,0.0002677440643310547,balanced,entropy,2,1,5,42,"{'class_weight': 'balanced', 'criterion': 'entropy', 'max_depth': 2, 'min_samples_leaf': 1, 'min_samples_split': 5, 'random_state': 42}",0.2,1.0,0.6,0.4,1,1.0,1.0,1.0,0.0
0.005269408226013184,0.0002580881118774414,0.0055702924728393555,1.0848045349121094e-05,balanced,entropy,2,1,10,42,"{'class_weight': 'balanced', 'criterion': 'entropy', 'max_depth': 2, 'min_samples_leaf': 1, 'min_samples_split': 10, 'random_state': 42}",0.5,0.5,0.5,0.0,21,0.5,0.5,0.5,0.0
0.001978754997253418,2.014636993408203e-05,0.0020040273666381836,1.5497207641601562e-06,balanced,entropy,2,2,2,42,"{'class_weight': 'balanced', 'criterion': 'entropy', 'max_depth': 2, 'min_samples_leaf': 2, 'min_samples_split': 2, 'random_state': 42}",0.1,0.125,0.1125,0.012499999999999997,111,0.875,0.9,0.8875,0.012500000000000011
0.0025502443313598633,0.00046193599700927734,0.0015101432800292969,0.0005130767822265625,balanced,entropy,2,2,5,42,"{'class_weight': 'balanced', 'criterion': 'entropy', 'max_depth': 2, 'min_samples_leaf': 2, 'min_samples_split': 5, 'random_state': 42}",0.1,0.125,0.1125,0.012499999999999997,111,0.875,0.9,0.8875,0.012500000000000011
0.001494765281677246,0.0005017518997192383,0.002016782760620117,1.4066696166992188e-05,balanced,entropy,2,2,10,42,"{'class_weight': 'balanced', 'criterion': 'entropy', 'max_depth': 2, 'min_samples_leaf': 2, 'min_samples_split': 10, 'random_state': 42}",0.5,0.5,0.5,0.0,21,0.5,0.5,0.5,0.0
0.0020426511764526367,0.0005217790603637695,0.0017807483673095703,0.0002503395080566406,balanced,entropy,2,5,2,42,"{'class_weight': 'balanced', 'criterion': 'entropy', 'max_depth': 2, 'min_samples_leaf': 5, 'min_samples_split': 2, 'random_state': 42}",0.5,0.5,0.5,0.0,21,0.5,0.5,0.5,0.0
0.0020477771759033203,0.00048804283142089844,0.0020362138748168945,4.410743713378906e-06,balanced,entropy,2,5,5,42,"{'class_weight': 'balanced', 'criterion': 'entropy', 'max_depth': 2, 'min_samples_leaf': 5, 'min_samples_split': 5, 'random_state': 42}",0.5,0.5,0.5,0.0,21,0.5,0.5,0.5,0.0
0.0015403032302856445,1.9431114196777344e-05,0.0020314455032348633,3.5762786865234375e-07,balanced,entropy,2,5,10,42,"{'class_weight': 'balanced', 'criterion': 'entropy', 'max_depth': 2, 'min_samples_leaf': 5, 'min_samples_split': 10, 'random_state': 42}",0.5,0.5,0.5,0.0,21,0.5,0.5,0.5,0.0
0.0023055076599121094,0.0007658004760742188,0.0015183687210083008,0.0005222558975219727,balanced,entropy,2,10,2,42,"{'class_weight': 'balanced', 'criterion': 'entropy', 'max_depth': 2, 'min_samples_leaf': 10, 'min_samples_split': 2, 'random_state': 42}",0.5,0.5,0.5,0.0,21,0.5,0.5,0.5,0.0
0.004318356513977051,0.0022825002670288086,0.0032979249954223633,0.001301407814025879,balanced,entropy,2,10,5,42,"{'class_weight': 'balanced', 'criterion': 'entropy', 'max_depth': 2, 'min_samples_leaf': 10, 'min_samples_split': 5, 'random_state': 42}",0.5,0.5,0.5,0.0,21,0.5,0.5,0.5,0.0
0.0017603635787963867,0.00023853778839111328,0.001776576042175293,0.00025403499603271484,balanced,entropy,2,10,10,42,"{'class_weight': 'balanced', 'criterion': 'entropy', 'max_depth': 2, 'min_samples_leaf': 10, 'min_samples_split': 10, 'random_state': 42}",0.5,0.5,0.5,0.0,21,0.5,0.5,0.5,0.0
0.003419160842895508,0.0018644332885742188,0.0022962093353271484,0.00026035308837890625,balanced,entropy,3,1,2,42,"{'class_weight': 'balanced', 'criterion': 'entropy', 'max_depth': 3, 'min_samples_leaf': 1, 'min_samples_split': 2, 'random_state': 42}",0.2,1.0,0.6,0.4,1,1.0,1.0,1.0,0.0
0.003018617630004883,1.52587890625e-05,0.0010024309158325195,1.3113021850585938e-06,balanced,entropy,3,1,5,42,"{'class_weight': 'balanced', 'criterion': 'entropy', 'max_depth': 3, 'min_samples_leaf': 1, 'min_samples_split': 5, 'random_state': 42}",0.2,1.0,0.6,0.4,1,1.0,1.0,1.0,0.0
0.004037141799926758,0.002038240432739258,0.002277970314025879,0.0007554292678833008,balanced,entropy,3,1,10,42,"{'class_weight': 'balanced', 'criterion': 'entropy', 'max_depth': 3, 'min_samples_leaf': 1, 'min_samples_split': 10, 'random_state': 42}",0.5,0.5,0.5,0.0,21,0.5,0.5,0.5,0.0
0.0018123388290405273,0.00018393993377685547,0.0019742250442504883,2.658367156982422e-05,balanced,entropy,3,2,2,42,"{'class_weight': 'balanced', 'criterion': 'entropy', 'max_depth': 3, 'min_samples_leaf': 2, 'min_samples_split': 2, 'random_state': 42}",0.1,0.125,0.1125,0.012499999999999997,111,0.875,0.9,0.8875,0.012500000000000011
0.00498807430267334,0.0020371675491333008,0.003299713134765625,0.001270294189453125,balanced,entropy,3,2,5,42,"{'class_weight': 'balanced', 'criterion': 'entropy', 'max_depth': 3, 'min_samples_leaf': 2, 'min_samples_split': 5, 'random_state': 42}",0.1,0.125,0.1125,0.012499999999999997,111,0.875,0.9,0.8875,0.012500000000000011
0.0022739171981811523,0.00025093555450439453,0.0010145902633666992,1.4662742614746094e-05,balanced,entropy,3,2,10,42,"{'class_weight': 'balanced', 'criterion': 'entropy', 'max_depth': 3, 'min_samples_leaf': 2, 'min_samples_split': 10, 'random_state': 42}",0.5,0.5,0.5,0.0,21,0.5,0.5,0.5,0.0
0.0018123388290405273,0.00018393993377685547,0.0024758577346801758,0.0004750490188598633,balanced,entropy,3,5,2,42,"{'class_weight': 'balanced', 'criterion': 'entropy', 'max_depth': 3, 'min_samples_leaf': 5, 'min_samples_split': 2, 'random_state': 42}",0.5,0.5,0.5,0.0,21,0.5,0.5,0.5,0.0
0.0025103092193603516,0.0004851818084716797,0.0013120174407958984,0.0003132820129394531,balanced,entropy,3,5,5,42,"{'class_weight': 'balanced', 'criterion': 'entropy', 'max_depth': 3, 'min_samples_leaf': 5, 'min_samples_split': 5, 'random_state': 42}",0.5,0.5,0.5,0.0,21,0.5,0.5,0.5,0.0
0.0037888288497924805,0.0012134313583374023,0.0037757158279418945,0.0022546052932739258,balanced,entropy,3,5,10,42,"{'class_weight': 'balanced', 'criterion': 'entropy', 'max_depth': 3, 'min_samples_leaf': 5, 'min_samples_split': 10, 'random_state': 42}",0.5,0.5,0.5,0.0,21,0.5,0.5,0.5,0.0
0.006095528602600098,0.000513911247253418,0.0047991275787353516,0.0002315044403076172,balanced,entropy,3,10,2,42,"{'class_weight': 'balanced', 'criterion': 'entropy', 'max_depth': 3, 'min_samples_leaf': 10, 'min_samples_split': 2, 'random_state': 42}",0.5,0.5,0.5,0.0,21,0.5,0.5,0.5,0.0
0.002463817596435547,0.0005340576171875,0.002014756202697754,1.0371208190917969e-05,balanced,entropy,3,10,5,42,"{'class_weight': 'balanced', 'criterion': 'entropy', 'max_depth': 3, 'min_samples_leaf': 10, 'min_samples_split': 5, 'random_state': 42}",0.5,0.5,0.5,0.0,21,0.5,0.5,0.5,0.0
0.0030542612075805664,0.001055598258972168,0.004037022590637207,0.0020095109939575195,balanced,entropy,3,10,10,42,"{'class_weight': 'balanced', 'criterion': 'entropy', 'max_depth': 3, 'min_samples_leaf': 10, 'min_samples_split': 10, 'random_state': 42}",0.5,0.5,0.5,0.0,21,0.5,0.5,0.5,0.0
0.002514481544494629,0.0004869699478149414,0.0012704133987426758,0.00027954578399658203,balanced,entropy,4,1,2,42,"{'class_weight': 'balanced', 'criterion': 'entropy', 'max_depth': 4, 'min_samples_leaf': 1, 'min_samples_split': 2, 'random_state': 42}",0.2,1.0,0.6,0.4,1,1.0,1.0,1.0,0.0
0.001795649528503418,0.00020825862884521484,0.0017729997634887695,0.0007756948471069336,balanced,entropy,4,1,5,42,"{'class_weight': 'balanced', 'criterion': 'entropy', 'max_depth': 4, 'min_samples_leaf': 1, 'min_samples_split': 5, 'random_state': 42}",0.2,1.0,0.6,0.4,1,1.0,1.0,1.0,0.0
0.0027740001678466797,0.00022530555725097656,0.001509547233581543,0.0005093812942504883,balanced,entropy,4,1,10,42,"{'class_weight': 'balanced', 'criterion': 'entropy', 'max_depth': 4, 'min_samples_leaf': 1, 'min_samples_split': 10, 'random_state': 42}",0.5,0.5,0.5,0.0,21,0.5,0.5,0.5,0.0
0.003816843032836914,0.00278472900390625,0.0032830238342285156,0.0007200241088867188,balanced,entropy,4,2,2,42,"{'class_weight': 'balanced', 'criterion': 'entropy', 'max_depth': 4, 'min_samples_leaf': 2, 'min_samples_split': 2, 'random_state': 42}",0.1,0.125,0.1125,0.012499999999999997,111,0.875,0.9,0.8875,0.012500000000000011
0.0023349523544311523,0.0003160238265991211,0.0019652843475341797,3.8623809814453125e-05,balanced,entropy,4,2,5,42,"{'class_weight': 'balanced', 'criterion': 'entropy', 'max_depth': 4, 'min_samples_leaf': 2, 'min_samples_split': 5, 'random_state': 42}",0.1,0.125,0.1125,0.012499999999999997,111,0.875,0.9,0.8875,0.012500000000000011
0.0027968883514404297,0.00023603439331054688,0.0009992122650146484,2.384185791015625e-06,balanced,entropy,4,2,10,42,"{'class_weight': 'balanced', 'criterion': 'entropy', 'max_depth': 4, 'min_samples_leaf': 2, 'min_samples_split': 10, 'random_state': 42}",0.5,0.5,0.5,0.0,21,0.5,0.5,0.5,0.0
0.001991748809814453,8.821487426757812e-06,0.001013636589050293,1.6570091247558594e-05,balanced,entropy,4,5,2,42,"{'class_weight': 'balanced', 'criterion': 'entropy', 'max_depth': 4, 'min_samples_leaf': 5, 'min_samples_split': 2, 'random_state': 42}",0.5,0.5,0.5,0.0,21,0.5,0.5,0.5,0.0
0.00203096866607666,1.5497207641601562e-06,0.001766800880432129,0.0002340078353881836,balanced,entropy,4,5,5,42,"{'class_weight': 'balanced', 'criterion': 'entropy', 'max_depth': 4, 'min_samples_leaf': 5, 'min_samples_split': 5, 'random_state': 42}",0.5,0.5,0.5,0.0,21,0.5,0.5,0.5,0.0
0.0022808313369750977,0.0002497434616088867,0.0025309324264526367,0.001536250114440918,balanced,entropy,4,5,10,42,"{'class_weight': 'balanced', 'criterion': 'entropy', 'max_depth': 4, 'min_samples_leaf': 5, 'min_samples_split': 10, 'random_state': 42}",0.5,0.5,0.5,0.0,21,0.5,0.5,0.5,0.0
0.0020656585693359375,3.933906555175781e-05,0.0012854337692260742,0.0002824068069458008,balanced,entropy,4,10,2,42,"{'class_weight': 'balanced', 'criterion': 'entropy', 'max_depth': 4, 'min_samples_leaf': 10, 'min_samples_split': 2, 'random_state': 42}",0.5,0.5,0.5,0.0,21,0.5,0.5,0.5,0.0
0.002561330795288086,0.0005257129669189453,0.0030318498611450195,0.0010002851486206055,balanced,entropy,4,10,5,42,"{'class_weight': 'balanced', 'criterion': 'entropy', 'max_depth': 4, 'min_samples_leaf': 10, 'min_samples_split': 5, 'random_state': 42}",0.5,0.5,0.5,0.0,21,0.5,0.5,0.5,0.0
0.007172703742980957,0.0015350580215454102,0.0068874359130859375,0.0012581348419189453,balanced,entropy,4,10,10,42,"{'class_weight': 'balanced', 'criterion': 'entropy', 'max_depth': 4, 'min_samples_leaf': 10, 'min_samples_split': 10, 'random_state': 42}",0.5,0.5,0.5,0.0,21,0.5,0.5,0.5,0.0
0.004087209701538086,0.0015087127685546875,0.0038028955459594727,0.0007659196853637695,balanced,entropy,5,1,2,42,"{'class_weight': 'balanced', 'criterion': 'entropy', 'max_depth': 5, 'min_samples_leaf': 1, 'min_samples_split': 2, 'random_state': 42}",0.2,1.0,0.6,0.4,1,1.0,1.0,1.0,0.0
0.007606387138366699,0.0050247907638549805,0.004289507865905762,0.0022863149642944336,balanced,entropy,5,1,5,42,"{'class_weight': 'balanced', 'criterion': 'entropy', 'max_depth': 5, 'min_samples_leaf': 1, 'min_samples_split': 5, 'random_state': 42}",0.2,1.0,0.6,0.4,1,1.0,1.0,1.0,0.0
0.001779317855834961,0.0002257823944091797,0.0015215873718261719,0.0005202293395996094,balanced,entropy,5,1,10,42,"{'class_weight': 'balanced', 'criterion': 'entropy', 'max_depth': 5, 'min_samples_leaf': 1, 'min_samples_split': 10, 'random_state': 42}",0.5,0.5,0.5,0.0,21,0.5,0.5,0.5,0.0
0.003265380859375,0.0012650489807128906,0.0020339488983154297,3.1948089599609375e-05,balanced,entropy,5,2,2,42,"{'class_weight': 'balanced', 'criterion': 'entropy', 'max_depth': 5, 'min_samples_leaf': 2, 'min_samples_split': 2, 'random_state': 42}",0.1,0.125,0.1125,0.012499999999999997,111,0.875,0.9,0.8875,0.012500000000000011
0.002848982810974121,0.0002168416976928711,0.0035245418548583984,0.002555370330810547,balanced,entropy,5,2,5,42,"{'class_weight': 'balanced', 'criterion': 'entropy', 'max_depth': 5, 'min_samples_leaf': 2, 'min_samples_split': 5, 'random_state': 42}",0.1,0.125,0.1125,0.012499999999999997,111,0.875,0.9,0.8875,0.012500000000000011
0.00403594970703125,0.000997781753540039,0.002016901969909668,0.001019597053527832,balanced,entropy,5,2,10,42,"{'class_weight': 'balanced', 'criterion': 'entropy', 'max_depth': 5, 'min_samples_leaf': 2, 'min_samples_split': 10, 'random_state': 42}",0.5,0.5,0.5,0.0,21,0.5,0.5,0.5,0.0
0.0035151243209838867,0.0005248785018920898,0.004300475120544434,0.0022944211959838867,balanced,entropy,5,5,2,42,"{'class_weight': 'balanced', 'criterion': 'entropy', 'max_depth': 5, 'min_samples_leaf': 5, 'min_samples_split': 2, 'random_state': 42}",0.5,0.5,0.5,0.0,21,0.5,0.5,0.5,0.0
0.004272341728210449,0.0022743940353393555,0.004065990447998047,3.4809112548828125e-05,balanced,entropy,5,5,5,42,"{'class_weight': 'balanced', 'criterion': 'entropy', 'max_depth': 5, 'min_samples_leaf': 5, 'min_samples_split': 5, 'random_state': 42}",0.5,0.5,0.5,0.0,21,0.5,0.5,0.5,0.0
0.00587153434753418,0.0038764476776123047,0.0025277137756347656,0.0004782676696777344,balanced,entropy,5,5,10,42,"{'class_weight': 'balanced', 'criterion': 'entropy', 'max_depth': 5, 'min_samples_leaf': 5, 'min_samples_split': 10, 'random_state': 42}",0.5,0.5,0.5,0.0,21,0.5,0.5,0.5,0.0
0.003802061080932617,0.0017545223236083984,0.003283381462097168,0.0017462968826293945,balanced,entropy,5,10,2,42,"{'class_weight': 'balanced', 'criterion': 'entropy', 'max_depth': 5, 'min_samples_leaf': 10, 'min_samples_split': 2, 'random_state': 42}",0.5,0.5,0.5,0.0,21,0.5,0.5,0.5,0.0
0.0023298263549804688,0.00033473968505859375,0.0017756223678588867,0.00023114681243896484,balanced,entropy,5,10,5,42,"{'class_weight': 'balanced', 'criterion': 'entropy', 'max_depth': 5, 'min_samples_leaf': 10, 'min_samples_split': 5, 'random_state': 42}",0.5,0.5,0.5,0.0,21,0.5,0.5,0.5,0.0
0.0020025968551635742,4.649162292480469e-06,0.0017800331115722656,0.00025916099548339844,balanced,entropy,5,10,10,42,"{'class_weight': 'balanced', 'criterion': 'entropy', 'max_depth': 5, 'min_samples_leaf': 10, 'min_samples_split': 10, 'random_state': 42}",0.5,0.5,0.5,0.0,21,0.5,0.5,0.5,0.0
0.00783240795135498,0.0008476972579956055,0.0037970542907714844,0.0017962455749511719,balanced,entropy,,1,2,42,"{'class_weight': 'balanced', 'criterion': 'entropy', 'max_depth': None, 'min_samples_leaf': 1, 'min_samples_split': 2, 'random_state': 42}",0.2,1.0,0.6,0.4,1,1.0,1.0,1.0,0.0
0.0063228607177734375,0.00432133674621582,0.007550597190856934,0.0015567541122436523,balanced,entropy,,1,5,42,"{'class_weight': 'balanced', 'criterion': 'entropy', 'max_depth': None, 'min_samples_leaf': 1, 'min_samples_split': 5, 'random_state': 42}",0.2,1.0,0.6,0.4,1,1.0,1.0,1.0,0.0
0.001761317253112793,0.00024044513702392578,0.0022852420806884766,0.0002446174621582031,balanced,entropy,,1,10,42,"{'class_weight': 'balanced', 'criterion': 'entropy', 'max_depth': None, 'min_samples_leaf': 1, 'min_samples_split': 10, 'random_state': 42}",0.5,0.5,0.5,0.0,21,0.5,0.5,0.5,0.0
0.002476930618286133,0.0005254745483398438,0.001774907112121582,0.0002561807632446289,balanced,entropy,,2,2,42,"{'class_weight': 'balanced', 'criterion': 'entropy', 'max_depth': None, 'min_samples_leaf': 2, 'min_samples_split': 2, 'random_state': 42}",0.1,0.125,0.1125,0.012499999999999997,111,0.875,0.9,0.8875,0.012500000000000011
0.005275368690490723,0.003277420997619629,0.002827882766723633,0.0012590885162353516,balanced,entropy,,2,5,42,"{'class_weight': 'balanced', 'criterion': 'entropy', 'max_depth': None, 'min_samples_leaf': 2, 'min_samples_split': 5, 'random_state': 42}",0.1,0.125,0.1125,0.012499999999999997,111,0.875,0.9,0.8875,0.012500000000000011
0.001999974250793457,3.6835670471191406e-05,0.0020204782485961914,2.3484230041503906e-05,balanced,entropy,,2,10,42,"{'class_weight': 'balanced', 'criterion': 'entropy', 'max_depth': None, 'min_samples_leaf': 2, 'min_samples_split': 10, 'random_state': 42}",0.5,0.5,0.5,0.0,21,0.5,0.5,0.5,0.0
0.0025005340576171875,0.0005373954772949219,0.0015223026275634766,0.0005216598510742188,balanced,entropy,,5,2,42,"{'class_weight': 'balanced', 'criterion': 'entropy', 'max_depth': None, 'min_samples_leaf': 5, 'min_samples_split': 2, 'random_state': 42}",0.5,0.5,0.5,0.0,21,0.5,0.5,0.5,0.0
0.002516031265258789,0.00048542022705078125,0.0014944076538085938,0.0004999637603759766,balanced,entropy,,5,5,42,"{'class_weight': 'balanced', 'criterion': 'entropy', 'max_depth': None, 'min_samples_leaf': 5, 'min_samples_split': 5, 'random_state': 42}",0.5,0.5,0.5,0.0,21,0.5,0.5,0.5,0.0
0.002494215965270996,0.0004671812057495117,0.002017498016357422,1.621246337890625e-05,balanced,entropy,,5,10,42,"{'class_weight': 'balanced', 'criterion': 'entropy', 'max_depth': None, 'min_samples_leaf': 5, 'min_samples_split': 10, 'random_state': 42}",0.5,0.5,0.5,0.0,21,0.5,0.5,0.5,0.0
0.0022835731506347656,0.0002810955047607422,0.0010044574737548828,8.106231689453125e-06,balanced,entropy,,10,2,42,"{'class_weight': 'balanced', 'criterion': 'entropy', 'max_depth': None, 'min_samples_leaf': 10, 'min_samples_split': 2, 'random_state': 42}",0.5,0.5,0.5,0.0,21,0.5,0.5,0.5,0.0
0.002428889274597168,0.0003508329391479492,0.0013986825942993164,0.0004018545150756836,balanced,entropy,,10,5,42,"{'class_weight': 'balanced', 'criterion': 'entropy', 'max_depth': None, 'min_samples_leaf': 10, 'min_samples_split': 5, 'random_state': 42}",0.5,0.5,0.5,0.0,21,0.5,0.5,0.5,0.0
0.0022825002670288086,0.0002924203872680664,0.0017986297607421875,0.000209808349609375,balanced,entropy,,10,10,42,"{'class_weight': 'balanced', 'criterion': 'entropy', 'max_depth': None, 'min_samples_leaf': 10, 'min_samples_split': 10, 'random_state': 42}",0.5,0.5,0.5,0.0,21,0.5,0.5,0.5,0.0
